county,state,medianHomeValue,medianHomeValueBucket,year
Autauga,AL,143000,335,2017
Baldwin,AL,182000,420,2017
Barbour,AL,89300,123,2017
Bibb,AL,105500,202,2017
Blount,AL,122200,275,2017
Bullock,AL,66800,23,2017
Butler,AL,88800,120,2017
Calhoun,AL,110100,223,2017
Chambers,AL,86400,103,2017
Cherokee,AL,116300,252,2017
Chilton,AL,98600,175,2017
Choctaw,AL,69000,28,2017
Clarke,AL,93500,146,2017
Clay,AL,89300,123,2017
Cleburne,AL,111800,231,2017
Coffee,AL,147800,348,2017
Colbert,AL,108500,217,2017
Conecuh,AL,76100,50,2017
Coosa,AL,87300,109,2017
Covington,AL,96200,162,2017
Crenshaw,AL,76800,53,2017
Cullman,AL,121900,275,2017
Dale,AL,108000,214,2017
Dallas,AL,80800,71,2017
DeKalb,AL,102900,191,2017
Elmore,AL,155300,368,2017
Escambia,AL,94500,152,2017
Etowah,AL,105100,200,2017
Fayette,AL,83200,86,2017
Franklin,AL,87600,112,2017
Geneva,AL,87800,114,2017
Greene,AL,67700,25,2017
Hale,AL,88800,120,2017
Henry,AL,112600,236,2017
Houston,AL,127100,292,2017
Jackson,AL,105000,199,2017
Jefferson,AL,149000,351,2017
Lamar,AL,71500,35,2017
Lauderdale,AL,126800,291,2017
Lawrence,AL,98700,175,2017
Lee,AL,157100,372,2017
Limestone,AL,146300,344,2017
Lowndes,AL,63000,16,2017
Macon,AL,77100,54,2017
Madison,AL,173400,410,2017
Marengo,AL,88100,116,2017
Marion,AL,87200,108,2017
Marshall,AL,118500,263,2017
Mobile,AL,124500,284,2017
Monroe,AL,88000,115,2017
Montgomery,AL,124100,283,2017
Morgan,AL,128200,295,2017
Perry,AL,69100,29,2017
Pickens,AL,91800,137,2017
Pike,AL,109200,219,2017
Randolph,AL,85200,96,2017
Russell,AL,114700,246,2017
St. Clair,AL,142800,334,2017
Shelby,AL,199500,439,2017
Sumter,AL,69500,30,2017
Talladega,AL,95200,156,2017
Tallapoosa,AL,107000,208,2017
Tuscaloosa,AL,161700,383,2017
Walker,AL,87300,109,2017
Washington,AL,83900,89,2017
Wilcox,AL,81600,76,2017
Winston,AL,82900,84,2017
Aleutians East,AK,124700,284,2017
Aleutians West,AK,238800,468,2017
Anchorage,AK,304500,491,2017
Bethel,AK,152600,360,2017
Bristol Bay,AK,186700,425,2017
Denali,AK,224200,458,2017
Dillingham,AK,189500,428,2017
Fairbanks North Star,AK,230600,463,2017
Haines,AK,243100,471,2017
Hoonah-Angoon,AK,226800,460,2017
Juneau City,AK,343100,497,2017
Kenai Peninsula,AK,234600,465,2017
Ketchikan Gateway,AK,265700,481,2017
Kodiak,AK,267700,481,2017
Kusilvak,AK,88600,119,2017
Lake and Peninsula,AK,118500,263,2017
Matanuska-Susitna,AK,235600,466,2017
Nome,AK,143000,335,2017
North Slope,AK,153900,364,2017
Northwest Arctic,AK,145800,342,2017
Petersburg,AK,205000,443,2017
Prince of Wales-Hyder,AK,169100,400,2017
Sitka City,AK,350900,499,2017
Skagway,AK,293800,489,2017
Southeast Fairbanks,AK,191700,431,2017
Valdez-Cordova,AK,252200,475,2017
Wrangell City,AK,194000,433,2017
Yakutat City,AK,185000,423,2017
Yukon-Koyukuk,AK,80600,70,2017
Apache,AZ,72800,39,2017
Cochise,AZ,144400,339,2017
Coconino,AZ,241400,469,2017
Gila,AZ,153600,363,2017
Graham,AZ,123500,280,2017
Greenlee,AZ,87500,111,2017
La Paz,AZ,77400,56,2017
Maricopa,AZ,225000,459,2017
Mohave,AZ,138700,324,2017
Navajo,AZ,115100,247,2017
Pima,AZ,166300,395,2017
Pinal,AZ,157200,373,2017
Santa Cruz,AZ,138400,323,2017
Yavapai,AZ,215000,452,2017
Yuma,AZ,117000,257,2017
Arkansas,AR,80300,68,2017
Ashley,AR,68200,26,2017
Baxter,AR,124400,283,2017
Benton,AR,163000,386,2017
Boone,AR,116600,255,2017
Bradley,AR,74300,45,2017
Calhoun,AR,71000,34,2017
Carroll,AR,121100,272,2017
Chicot,AR,63000,16,2017
Clark,AR,95000,155,2017
Clay,AR,70000,31,2017
Cleburne,AR,127000,291,2017
Cleveland,AR,87200,108,2017
Columbia,AR,76200,51,2017
Conway,AR,98700,175,2017
Craighead,AR,134600,313,2017
Crawford,AR,112500,235,2017
Crittenden,AR,106300,206,2017
Cross,AR,79400,64,2017
Dallas,AR,64500,18,2017
Desha,AR,56700,7,2017
Drew,AR,93200,145,2017
Faulkner,AR,153500,363,2017
Franklin,AR,90600,131,2017
Fulton,AR,91300,134,2017
Garland,AR,131500,305,2017
Grant,AR,123500,280,2017
Greene,AR,110400,225,2017
Hempstead,AR,76200,51,2017
Hot Spring,AR,88900,121,2017
Howard,AR,94100,150,2017
Independence,AR,104400,196,2017
Izard,AR,79400,64,2017
Jackson,AR,61300,13,2017
Jefferson,AR,81800,78,2017
Johnson,AR,95400,158,2017
Lafayette,AR,65900,21,2017
Lawrence,AR,77100,54,2017
Lee,AR,67100,23,2017
Lincoln,AR,66100,22,2017
Little River,AR,72400,38,2017
Logan,AR,90400,130,2017
Lonoke,AR,135100,314,2017
Madison,AR,108500,217,2017
Marion,AR,117300,258,2017
Miller,AR,108500,217,2017
Mississippi,AR,81400,75,2017
Monroe,AR,54500,6,2017
Montgomery,AR,96900,165,2017
Nevada,AR,62700,15,2017
Newton,AR,91600,136,2017
Ouachita,AR,67900,25,2017
Perry,AR,99100,177,2017
Phillips,AR,67100,23,2017
Pike,AR,78600,61,2017
Poinsett,AR,78200,59,2017
Polk,AR,87100,107,2017
Pope,AR,126100,289,2017
Prairie,AR,65300,19,2017
Pulaski,AR,148300,349,2017
Randolph,AR,81500,76,2017
St. Francis,AR,61900,13,2017
Saline,AR,147400,347,2017
Scott,AR,69800,30,2017
Searcy,AR,89700,126,2017
Sebastian,AR,116800,256,2017
Sevier,AR,75400,48,2017
Sharp,AR,79900,66,2017
Stone,AR,107300,211,2017
Union,AR,79900,66,2017
Van Buren,AR,98900,176,2017
Washington,AR,162900,386,2017
White,AR,116400,253,2017
Woodruff,AR,63700,17,2017
Yell,AR,100300,181,2017
Alameda,CA,649100,510,2017
Alpine,CA,343800,498,2017
Amador,CA,278600,485,2017
Butte,CA,238200,467,2017
Calaveras,CA,273400,483,2017
Colusa,CA,223600,457,2017
Contra Costa,CA,522300,508,2017
Del Norte,CA,185900,424,2017
El Dorado,CA,405900,502,2017
Fresno,CA,220600,456,2017
Glenn,CA,214600,451,2017
Humboldt,CA,285800,487,2017
Imperial,CA,167700,398,2017
Inyo,CA,243100,471,2017
Kern,CA,190600,429,2017
Kings,CA,185600,423,2017
Lake,CA,182000,420,2017
Lassen,CA,177500,416,2017
Los Angeles,CA,495800,507,2017
Madera,CA,220400,455,2017
Marin,CA,908800,511,2017
Mariposa,CA,259500,478,2017
Mendocino,CA,338000,496,2017
Merced,CA,196200,435,2017
Modoc,CA,143100,336,2017
Mono,CA,311700,492,2017
Monterey,CA,441000,504,2017
Napa,CA,560500,509,2017
Nevada,CA,379800,501,2017
Orange,CA,620500,509,2017
Placer,CA,413300,503,2017
Plumas,CA,228900,462,2017
Riverside,CA,304500,491,2017
Sacramento,CA,299900,490,2017
San Benito,CA,459700,505,2017
San Bernardino,CA,280200,486,2017
San Diego,CA,484900,506,2017
San Francisco,CA,927400,511,2017
San Joaquin,CA,281100,486,2017
San Luis Obispo,CA,499800,507,2017
San Mateo,CA,917700,511,2017
Santa Barbara,CA,509400,507,2017
Santa Clara,CA,829600,511,2017
Santa Cruz,CA,659900,510,2017
Shasta,CA,233500,465,2017
Sierra,CA,157100,372,2017
Siskiyou,CA,176600,414,2017
Solano,CA,342000,497,2017
Sonoma,CA,513300,507,2017
Stanislaus,CA,244100,471,2017
Sutter,CA,234500,465,2017
Tehama,CA,191400,430,2017
Trinity,CA,286500,487,2017
Tulare,CA,180200,418,2017
Tuolumne,CA,273500,483,2017
Ventura,CA,520300,508,2017
Yolo,CA,370800,500,2017
Yuba,CA,207100,446,2017
Adams,CO,241900,469,2017
Alamosa,CO,152900,361,2017
Arapahoe,CO,292900,488,2017
Archuleta,CO,274000,483,2017
Baca,CO,79800,66,2017
Bent,CO,77700,58,2017
Boulder,CO,423500,503,2017
Broomfield,CO,356500,499,2017
Chaffee,CO,313200,492,2017
Cheyenne,CO,90000,127,2017
Clear Creek,CO,317000,493,2017
Conejos,CO,113100,238,2017
Costilla,CO,114200,242,2017
Crowley,CO,79700,65,2017
Custer,CO,248300,473,2017
Delta,CO,206200,444,2017
Denver,CO,322900,494,2017
Dolores,CO,122000,275,2017
Douglas,CO,407100,502,2017
Eagle,CO,471100,506,2017
Elbert,CO,380000,501,2017
El Paso,CO,238200,467,2017
Fremont,CO,160000,379,2017
Garfield,CO,323800,494,2017
Gilpin,CO,301700,490,2017
Grand,CO,285000,487,2017
Gunnison,CO,313900,492,2017
Hinsdale,CO,325400,494,2017
Huerfano,CO,137400,321,2017
Jackson,CO,171300,405,2017
Jefferson,CO,334100,496,2017
Kiowa,CO,83200,86,2017
Kit Carson,CO,130200,300,2017
Lake,CO,197600,436,2017
La Plata,CO,356700,499,2017
Larimer,CO,306600,491,2017
Las Animas,CO,145900,343,2017
Lincoln,CO,132100,306,2017
Logan,CO,148700,350,2017
Mesa,CO,207900,446,2017
Mineral,CO,279000,485,2017
Moffat,CO,169200,400,2017
Montezuma,CO,197900,437,2017
Montrose,CO,202500,440,2017
Morgan,CO,162900,386,2017
Otero,CO,91800,137,2017
Ouray,CO,420600,503,2017
Park,CO,262300,479,2017
Phillips,CO,132600,308,2017
Pitkin,CO,593600,509,2017
Prowers,CO,94400,151,2017
Pueblo,CO,148000,349,2017
Rio Blanco,CO,201000,439,2017
Rio Grande,CO,143000,335,2017
Routt,CO,460600,505,2017
Saguache,CO,150100,353,2017
San Juan,CO,269400,482,2017
San Miguel,CO,485000,506,2017
Sedgwick,CO,91500,135,2017
Summit,CO,547700,508,2017
Teller,CO,261100,479,2017
Washington,CO,120300,269,2017
Weld,CO,245000,472,2017
Yuma,CO,148800,350,2017
Fairfield,CT,417800,503,2017
Hartford,CT,235300,465,2017
Litchfield,CT,250100,474,2017
Middlesex,CT,283700,486,2017
New Haven,CT,244400,471,2017
New London,CT,238900,468,2017
Tolland,CT,247500,472,2017
Windham,CT,196800,435,2017
Kent,DE,205800,444,2017
New Castle,DE,248100,473,2017
Sussex,DE,242900,470,2017
District of,,537400,508,2017
Alachua,FL,167000,397,2017
Baker,FL,121100,272,2017
Bay,FL,166400,395,2017
Bradford,FL,90500,130,2017
Brevard,FL,162400,385,2017
Broward,FL,223400,457,2017
Calhoun,FL,80000,67,2017
Charlotte,FL,165200,392,2017
Citrus,FL,117400,259,2017
Clay,FL,165300,392,2017
Collier,FL,316200,493,2017
Columbia,FL,112500,235,2017
DeSoto,FL,83700,88,2017
Dixie,FL,71600,35,2017
Duval,FL,156200,370,2017
Escambia,FL,126700,291,2017
Flagler,FL,188400,427,2017
Franklin,FL,135300,314,2017
Gadsden,FL,101300,184,2017
Gilchrist,FL,96700,164,2017
Glades,FL,80100,67,2017
Gulf,FL,151400,357,2017
Hamilton,FL,73500,43,2017
Hardee,FL,81200,74,2017
Hendry,FL,79700,65,2017
Hernando,FL,120600,270,2017
Highlands,FL,87900,114,2017
Hillsborough,FL,179500,418,2017
Holmes,FL,92400,140,2017
Indian River,FL,172600,408,2017
Jackson,FL,94900,155,2017
Jefferson,FL,131700,306,2017
Lafayette,FL,101400,185,2017
Lake,FL,155100,368,2017
Lee,FL,190200,429,2017
Leon,FL,187400,426,2017
Levy,FL,88700,119,2017
Liberty,FL,62400,14,2017
Madison,FL,87200,108,2017
Manatee,FL,197200,436,2017
Marion,FL,119200,265,2017
Martin,FL,233000,464,2017
Miami-Dade,FL,242800,470,2017
Monroe,FL,429000,503,2017
Nassau,FL,203500,442,2017
Okaloosa,FL,198700,438,2017
Okeechobee,FL,89900,127,2017
Orange,FL,192400,431,2017
Osceola,FL,164500,390,2017
Palm Beach,FL,242500,470,2017
Pasco,FL,134300,312,2017
Pinellas,FL,167100,397,2017
Polk,FL,121100,272,2017
Putnam,FL,82800,84,2017
St. Johns,FL,274600,484,2017
St. Lucie,FL,150700,355,2017
Santa Rosa,FL,170500,403,2017
Sarasota,FL,215300,452,2017
Seminole,FL,201900,440,2017
Sumter,FL,239800,468,2017
Suwannee,FL,92400,140,2017
Taylor,FL,84900,94,2017
Union,FL,89000,122,2017
Volusia,FL,149900,352,2017
Wakulla,FL,133700,311,2017
Walton,FL,203100,441,2017
Washington,FL,102700,191,2017
Appling,GA,72100,37,2017
Atkinson,GA,62500,14,2017
Bacon,GA,73200,41,2017
Baker,GA,79500,64,2017
Baldwin,GA,108800,217,2017
Banks,GA,128900,297,2017
Barrow,GA,134300,312,2017
Bartow,GA,140500,330,2017
Ben Hill,GA,81200,74,2017
Berrien,GA,86700,105,2017
Bibb,GA,117300,258,2017
Bleckley,GA,98800,176,2017
Brantley,GA,68200,26,2017
Brooks,GA,92400,140,2017
Bryan,GA,201700,440,2017
Bulloch,GA,131200,304,2017
Burke,GA,86500,104,2017
Butts,GA,121500,273,2017
Calhoun,GA,49000,2,2017
Camden,GA,154500,366,2017
Candler,GA,88600,119,2017
Carroll,GA,119600,266,2017
Catoosa,GA,138800,324,2017
Charlton,GA,82200,81,2017
Chatham,GA,177900,416,2017
Chattahoochee,GA,81700,77,2017
Chattooga,GA,68500,27,2017
Cherokee,GA,220200,455,2017
Clarke,GA,154600,366,2017
Clay,GA,59900,10,2017
Clayton,GA,89400,124,2017
Clinch,GA,63100,16,2017
Cobb,GA,219700,454,2017
Coffee,GA,87600,112,2017
Colquitt,GA,84500,92,2017
Columbia,GA,183800,421,2017
Cook,GA,87800,114,2017
Coweta,GA,190700,430,2017
Crawford,GA,93300,145,2017
Crisp,GA,83900,89,2017
Dade,GA,122500,276,2017
Dawson,GA,202300,440,2017
Decatur,GA,109800,221,2017
DeKalb,GA,176000,413,2017
Dodge,GA,73400,42,2017
Dooly,GA,83200,86,2017
Dougherty,GA,102100,187,2017
Douglas,GA,140100,328,2017
Early,GA,82700,83,2017
Echols,GA,57000,8,2017
Effingham,GA,155500,369,2017
Elbert,GA,81800,78,2017
Emanuel,GA,78500,61,2017
Evans,GA,83600,87,2017
Fannin,GA,171500,405,2017
Fayette,GA,255300,476,2017
Floyd,GA,126600,290,2017
Forsyth,GA,301100,490,2017
Franklin,GA,101600,185,2017
Fulton,GA,268900,482,2017
Gilmer,GA,162400,385,2017
Glascock,GA,66600,22,2017
Glynn,GA,161200,382,2017
Gordon,GA,119500,266,2017
Grady,GA,110500,225,2017
Greene,GA,175800,413,2017
Gwinnett,GA,185200,423,2017
Habersham,GA,137200,320,2017
Hall,GA,171900,406,2017
Hancock,GA,66100,22,2017
Haralson,GA,117000,257,2017
Harris,GA,194800,434,2017
Hart,GA,131200,304,2017
Heard,GA,100500,182,2017
Henry,GA,154900,367,2017
Houston,GA,135800,315,2017
Irwin,GA,81200,74,2017
Jackson,GA,163200,386,2017
Jasper,GA,119700,267,2017
Jeff Davis,GA,77900,59,2017
Jefferson,GA,69200,29,2017
Jenkins,GA,59100,10,2017
Johnson,GA,64200,18,2017
Jones,GA,124800,284,2017
Lamar,GA,132400,307,2017
Lanier,GA,102000,187,2017
Laurens,GA,85000,95,2017
Lee,GA,156800,372,2017
Liberty,GA,120500,270,2017
Lincoln,GA,115600,250,2017
Long,GA,117500,259,2017
Lowndes,GA,129700,298,2017
Lumpkin,GA,176300,414,2017
McDuffie,GA,102500,189,2017
McIntosh,GA,112700,237,2017
Macon,GA,61300,13,2017
Madison,GA,121600,273,2017
Marion,GA,86300,102,2017
Meriwether,GA,91300,134,2017
Miller,GA,88500,117,2017
Mitchell,GA,82500,83,2017
Monroe,GA,159900,379,2017
Montgomery,GA,76500,52,2017
Morgan,GA,208200,446,2017
Murray,GA,91700,136,2017
Muscogee,GA,140200,328,2017
Newton,GA,123300,280,2017
Oconee,GA,252000,474,2017
Oglethorpe,GA,111800,231,2017
Paulding,GA,150400,355,2017
Peach,GA,126000,288,2017
Pickens,GA,185700,424,2017
Pierce,GA,99000,177,2017
Pike,GA,162000,384,2017
Polk,GA,105600,203,2017
Pulaski,GA,111100,228,2017
Putnam,GA,168700,399,2017
Quitman,GA,67400,24,2017
Rabun,GA,157800,374,2017
Randolph,GA,67300,24,2017
Richmond,GA,100200,181,2017
Rockdale,GA,148600,350,2017
Schley,GA,94800,154,2017
Screven,GA,78900,62,2017
Seminole,GA,77200,55,2017
Spalding,GA,112400,235,2017
Stephens,GA,98500,174,2017
Stewart,GA,51800,4,2017
Sumter,GA,82600,83,2017
Talbot,GA,81200,74,2017
Taliaferro,GA,59100,10,2017
Tattnall,GA,88100,116,2017
Taylor,GA,65800,20,2017
Telfair,GA,55600,7,2017
Terrell,GA,88600,119,2017
Thomas,GA,131400,305,2017
Tift,GA,112200,233,2017
Toombs,GA,97500,169,2017
Towns,GA,197900,437,2017
Treutlen,GA,71000,34,2017
Troup,GA,125000,285,2017
Turner,GA,72700,39,2017
Twiggs,GA,57000,8,2017
Union,GA,191800,431,2017
Upson,GA,84900,94,2017
Walker,GA,111100,228,2017
Walton,GA,164700,391,2017
Ware,GA,78500,61,2017
Warren,GA,62300,14,2017
Washington,GA,82400,82,2017
Wayne,GA,107300,211,2017
Webster,GA,57200,8,2017
Wheeler,GA,46800,1,2017
White,GA,157900,374,2017
Whitfield,GA,124300,283,2017
Wilcox,GA,69800,30,2017
Wilkes,GA,83400,87,2017
Wilkinson,GA,69100,29,2017
Worth,GA,85600,98,2017
Hawaii,HI,316000,493,2017
Honolulu,HI,626400,509,2017
Kauai,HI,520100,508,2017
Maui,HI,569100,509,2017
Ada,ID,219900,455,2017
Adams,ID,166500,396,2017
Bannock,ID,148300,349,2017
Bear Lake,ID,142100,332,2017
Benewah,ID,150800,356,2017
Bingham,ID,147400,347,2017
Blaine,ID,390300,502,2017
Boise,ID,185100,423,2017
Bonner,ID,222700,456,2017
Bonneville,ID,161000,381,2017
Boundary,ID,181300,419,2017
Butte,ID,110700,226,2017
Camas,ID,173300,409,2017
Canyon,ID,144000,338,2017
Caribou,ID,130600,301,2017
Cassia,ID,136900,319,2017
Clark,ID,98700,175,2017
Clearwater,ID,134400,313,2017
Custer,ID,173300,409,2017
Elmore,ID,145200,341,2017
Franklin,ID,168200,399,2017
Fremont,ID,157700,374,2017
Gem,ID,148800,350,2017
Gooding,ID,134400,313,2017
Idaho,ID,164600,391,2017
Jefferson,ID,166200,395,2017
Jerome,ID,144400,339,2017
Kootenai,ID,212900,450,2017
Latah,ID,207200,446,2017
Lemhi,ID,173400,410,2017
Lewis,ID,120000,268,2017
Lincoln,ID,127200,292,2017
Madison,ID,190500,429,2017
Minidoka,ID,121800,274,2017
Nez Perce,ID,172500,408,2017
Oneida,ID,151600,358,2017
Owyhee,ID,125700,287,2017
Payette,ID,138900,325,2017
Power,ID,132600,308,2017
Shoshone,ID,117500,259,2017
Teton,ID,291600,488,2017
Twin Falls,ID,154200,365,2017
Valley,ID,258000,477,2017
Washington,ID,149100,351,2017
Adams,IL,120200,269,2017
Alexander,IL,53200,5,2017
Bond,IL,115200,248,2017
Boone,IL,145700,342,2017
Brown,IL,88600,119,2017
Bureau,IL,106800,208,2017
Calhoun,IL,110900,227,2017
Carroll,IL,99400,178,2017
Cass,IL,76800,53,2017
Champaign,IL,154800,367,2017
Christian,IL,87500,111,2017
Clark,IL,87400,110,2017
Clay,IL,77200,55,2017
Clinton,IL,142900,335,2017
Coles,IL,93800,148,2017
Cook,IL,227400,461,2017
Crawford,IL,82900,84,2017
Cumberland,IL,94000,150,2017
DeKalb,IL,166800,396,2017
De Witt,IL,98000,171,2017
Douglas,IL,102700,191,2017
DuPage,IL,289900,488,2017
Edgar,IL,80000,67,2017
Edwards,IL,73500,43,2017
Effingham,IL,137300,321,2017
Fayette,IL,84000,90,2017
Ford,IL,100600,182,2017
Franklin,IL,69900,31,2017
Fulton,IL,84800,93,2017
Gallatin,IL,71500,35,2017
Greene,IL,76900,54,2017
Grundy,IL,188300,427,2017
Hamilton,IL,91500,135,2017
Hancock,IL,85100,96,2017
Hardin,IL,63200,16,2017
Henderson,IL,88100,116,2017
Henry,IL,115800,250,2017
Iroquois,IL,96800,165,2017
Jackson,IL,108600,217,2017
Jasper,IL,99000,177,2017
Jefferson,IL,92700,142,2017
Jersey,IL,135400,314,2017
Jo Daviess,IL,143300,337,2017
Johnson,IL,96600,163,2017
Kane,IL,223400,457,2017
Kankakee,IL,140100,328,2017
Kendall,IL,214700,452,2017
Knox,IL,81700,77,2017
Lake,IL,251400,474,2017
LaSalle,IL,126100,289,2017
Lawrence,IL,72400,38,2017
Lee,IL,116500,254,2017
Livingston,IL,109500,220,2017
Logan,IL,101300,184,2017
McDonough,IL,94600,153,2017
McHenry,IL,212600,450,2017
McLean,IL,163800,388,2017
Macon,IL,95900,160,2017
Macoupin,IL,98400,173,2017
Madison,IL,130200,300,2017
Marion,IL,71900,36,2017
Marshall,IL,103300,193,2017
Mason,IL,81000,72,2017
Massac,IL,82500,83,2017
Menard,IL,132500,308,2017
Mercer,IL,105100,200,2017
Monroe,IL,195500,434,2017
Montgomery,IL,81000,72,2017
Morgan,IL,103400,193,2017
Moultrie,IL,107500,212,2017
Ogle,IL,139900,327,2017
Peoria,IL,128000,294,2017
Perry,IL,80500,69,2017
Piatt,IL,128100,295,2017
Pike,IL,74700,46,2017
Pope,IL,84100,90,2017
Pulaski,IL,63500,17,2017
Putnam,IL,120800,271,2017
Randolph,IL,99900,180,2017
Richland,IL,83200,86,2017
Rock Island,IL,115600,250,2017
St. Clair,IL,122600,277,2017
Saline,IL,70500,32,2017
Sangamon,IL,136100,316,2017
Schuyler,IL,83400,87,2017
Scott,IL,87500,111,2017
Shelby,IL,86800,106,2017
Stark,IL,85600,98,2017
Stephenson,IL,97700,170,2017
Tazewell,IL,137300,321,2017
Union,IL,98600,175,2017
Vermilion,IL,75900,50,2017
Wabash,IL,79000,63,2017
Warren,IL,83900,89,2017
Washington,IL,108100,214,2017
Wayne,IL,78600,61,2017
White,IL,69700,30,2017
Whiteside,IL,102200,188,2017
Will,IL,216400,453,2017
Williamson,IL,106400,206,2017
Winnebago,IL,115900,251,2017
Woodford,IL,160300,380,2017
Adams,IN,118900,264,2017
Allen,IN,119400,265,2017
Bartholomew,IN,139400,326,2017
Benton,IN,84900,94,2017
Blackford,IN,68500,27,2017
Boone,IN,207500,446,2017
Brown,IN,174800,411,2017
Carroll,IN,124100,283,2017
Cass,IN,84100,90,2017
Clark,IN,131500,305,2017
Clay,IN,96000,161,2017
Clinton,IN,103700,194,2017
Crawford,IN,86700,105,2017
Daviess,IN,115400,249,2017
Dearborn,IN,160800,381,2017
Decatur,IN,121800,274,2017
DeKalb,IN,113600,239,2017
Delaware,IN,88600,119,2017
Dubois,IN,146000,343,2017
Elkhart,IN,130800,302,2017
Fayette,IN,81400,75,2017
Floyd,IN,159700,378,2017
Fountain,IN,93500,146,2017
Franklin,IN,152200,359,2017
Fulton,IN,93600,147,2017
Gibson,IN,105700,203,2017
Grant,IN,87600,112,2017
Greene,IN,95900,160,2017
Hamilton,IN,240000,468,2017
Hancock,IN,161800,384,2017
Harrison,IN,136400,318,2017
Hendricks,IN,171600,406,2017
Henry,IN,94800,154,2017
Howard,IN,101300,184,2017
Huntington,IN,102700,191,2017
Jackson,IN,114600,245,2017
Jasper,IN,153200,362,2017
Jay,IN,85000,95,2017
Jefferson,IN,120000,268,2017
Jennings,IN,99900,180,2017
Johnson,IN,149700,352,2017
Knox,IN,87200,108,2017
Kosciusko,IN,142700,334,2017
LaGrange,IN,172500,408,2017
Lake,IN,140100,328,2017
LaPorte,IN,126700,291,2017
Lawrence,IN,109200,219,2017
Madison,IN,91900,138,2017
Marion,IN,123500,280,2017
Marshall,IN,130100,299,2017
Martin,IN,97900,170,2017
Miami,IN,85500,97,2017
Monroe,IN,163900,388,2017
Montgomery,IN,118400,262,2017
Morgan,IN,147200,346,2017
Newton,IN,112500,235,2017
Noble,IN,114500,243,2017
Ohio,IN,142400,333,2017
Orange,IN,90400,130,2017
Owen,IN,110200,223,2017
Parke,IN,86700,105,2017
Perry,IN,103000,192,2017
Pike,IN,89300,123,2017
Porter,IN,173100,409,2017
Posey,IN,138800,324,2017
Pulaski,IN,92600,141,2017
Putnam,IN,120300,269,2017
Randolph,IN,79500,64,2017
Ripley,IN,139500,326,2017
Rush,IN,100000,180,2017
St. Joseph,IN,118600,263,2017
Scott,IN,98800,176,2017
Shelby,IN,125300,286,2017
Spencer,IN,117900,260,2017
Starke,IN,101600,185,2017
Steuben,IN,136300,318,2017
Sullivan,IN,80900,71,2017
Switzerland,IN,114300,243,2017
Tippecanoe,IN,144300,339,2017
Tipton,IN,110300,224,2017
Union,IN,109900,221,2017
Vanderburgh,IN,121200,273,2017
Vermillion,IN,74600,45,2017
Vigo,IN,90700,131,2017
Wabash,IN,96700,164,2017
Warren,IN,112500,235,2017
Warrick,IN,158100,374,2017
Washington,IN,106200,205,2017
Wayne,IN,96500,163,2017
Wells,IN,121000,271,2017
White,IN,105800,204,2017
Whitley,IN,131600,305,2017
Adair,IA,93200,145,2017
Adams,IA,84900,94,2017
Allamakee,IA,122800,278,2017
Appanoose,IA,78000,59,2017
Audubon,IA,68800,28,2017
Benton,IA,147800,348,2017
Black Hawk,IA,139300,325,2017
Boone,IA,130500,301,2017
Bremer,IA,155100,368,2017
Buchanan,IA,132500,308,2017
Buena Vista,IA,111100,228,2017
Butler,IA,112100,233,2017
Calhoun,IA,77800,58,2017
Carroll,IA,127400,293,2017
Cass,IA,93600,147,2017
Cedar,IA,143800,337,2017
Cerro Gordo,IA,121500,273,2017
Cherokee,IA,89200,123,2017
Chickasaw,IA,105100,200,2017
Clarke,IA,105000,199,2017
Clay,IA,115700,250,2017
Clayton,IA,116500,254,2017
Clinton,IA,112400,235,2017
Crawford,IA,93400,145,2017
Dallas,IA,218000,453,2017
Davis,IA,109100,219,2017
Decatur,IA,76300,51,2017
Delaware,IA,126000,288,2017
Des Moines,IA,101400,185,2017
Dickinson,IA,175900,413,2017
Dubuque,IA,157200,373,2017
Emmet,IA,85700,99,2017
Fayette,IA,90800,132,2017
Floyd,IA,102400,189,2017
Franklin,IA,87100,107,2017
Fremont,IA,100200,181,2017
Greene,IA,88900,121,2017
Grundy,IA,129900,299,2017
Guthrie,IA,112600,236,2017
Hamilton,IA,98900,176,2017
Hancock,IA,97600,169,2017
Hardin,IA,91300,134,2017
Harrison,IA,107600,212,2017
Henry,IA,107900,213,2017
Howard,IA,107700,213,2017
Humboldt,IA,93900,149,2017
Ida,IA,91900,138,2017
Iowa,IA,143900,338,2017
Jackson,IA,117000,257,2017
Jasper,IA,122800,278,2017
Jefferson,IA,114300,243,2017
Johnson,IA,210400,448,2017
Jones,IA,130700,302,2017
Keokuk,IA,83700,88,2017
Kossuth,IA,104300,196,2017
Lee,IA,90200,128,2017
Linn,IA,150600,355,2017
Louisa,IA,104200,195,2017
Lucas,IA,84900,94,2017
Lyon,IA,125200,286,2017
Madison,IA,160400,380,2017
Mahaska,IA,110100,223,2017
Marion,IA,146900,345,2017
Marshall,IA,104600,197,2017
Mills,IA,157000,372,2017
Mitchell,IA,112300,234,2017
Monona,IA,84300,91,2017
Monroe,IA,99100,177,2017
Montgomery,IA,81800,78,2017
Muscatine,IA,128100,295,2017
O'Brien,IA,108000,214,2017
Osceola,IA,89500,125,2017
Page,IA,87600,112,2017
Palo Alto,IA,98100,171,2017
Plymouth,IA,150200,353,2017
Pocahontas,IA,73400,42,2017
Polk,IA,165500,393,2017
Pottawattamie,IA,133500,310,2017
Poweshiek,IA,131100,304,2017
Ringgold,IA,79600,65,2017
Sac,IA,88100,116,2017
Scott,IA,153200,362,2017
Shelby,IA,111700,231,2017
Sioux,IA,153800,363,2017
Story,IA,172900,409,2017
Tama,IA,105300,201,2017
Taylor,IA,76100,50,2017
Union,IA,94300,151,2017
Van Buren,IA,82700,83,2017
Wapello,IA,81000,72,2017
Warren,IA,171400,405,2017
Washington,IA,140400,329,2017
Wayne,IA,74700,46,2017
Webster,IA,95300,157,2017
Winnebago,IA,94400,151,2017
Winneshiek,IA,161500,382,2017
Woodbury,IA,110700,226,2017
Worth,IA,98000,171,2017
Wright,IA,79200,63,2017
Allen,KS,78600,61,2017
Anderson,KS,88200,116,2017
Atchison,KS,92900,143,2017
Barber,KS,75600,49,2017
Barton,KS,87600,112,2017
Bourbon,KS,82600,83,2017
Brown,KS,83900,89,2017
Butler,KS,142400,333,2017
Chase,KS,85200,96,2017
Chautauqua,KS,63300,16,2017
Cherokee,KS,78400,60,2017
Cheyenne,KS,86600,104,2017
Clark,KS,76400,52,2017
Clay,KS,100200,181,2017
Cloud,KS,73200,41,2017
Coffey,KS,111000,228,2017
Comanche,KS,73200,41,2017
Cowley,KS,85700,99,2017
Crawford,KS,87300,109,2017
Decatur,KS,63400,17,2017
Dickinson,KS,110700,226,2017
Doniphan,KS,95300,157,2017
Douglas,KS,188100,426,2017
Edwards,KS,61200,12,2017
Elk,KS,48300,2,2017
Ellis,KS,159400,378,2017
Ellsworth,KS,88500,117,2017
Finney,KS,126200,290,2017
Ford,KS,108400,216,2017
Franklin,KS,121700,274,2017
Geary,KS,141900,332,2017
Gove,KS,78900,62,2017
Graham,KS,69600,30,2017
Grant,KS,102800,191,2017
Gray,KS,117900,260,2017
Greeley,KS,86100,102,2017
Greenwood,KS,61100,12,2017
Hamilton,KS,86800,106,2017
Harper,KS,66700,23,2017
Harvey,KS,120200,269,2017
Haskell,KS,102600,190,2017
Hodgeman,KS,86700,105,2017
Jackson,KS,128100,295,2017
Jefferson,KS,135800,315,2017
Jewell,KS,53700,6,2017
Johnson,KS,232500,464,2017
Kearny,KS,98200,172,2017
Kingman,KS,92200,139,2017
Kiowa,KS,133800,311,2017
Labette,KS,74900,46,2017
Lane,KS,76400,52,2017
Leavenworth,KS,171000,404,2017
Lincoln,KS,68900,28,2017
Linn,KS,89400,124,2017
Logan,KS,83100,85,2017
Lyon,KS,98500,174,2017
McPherson,KS,140300,328,2017
Marion,KS,81300,75,2017
Marshall,KS,93400,145,2017
Meade,KS,88700,119,2017
Miami,KS,181100,419,2017
Mitchell,KS,85700,99,2017
Montgomery,KS,74000,44,2017
Morris,KS,95100,156,2017
Morton,KS,97700,170,2017
Nemaha,KS,116500,254,2017
Neosho,KS,77300,55,2017
Ness,KS,70500,32,2017
Norton,KS,73700,43,2017
Osage,KS,107200,210,2017
Osborne,KS,61300,13,2017
Ottawa,KS,98600,175,2017
Pawnee,KS,75600,49,2017
Phillips,KS,76900,54,2017
Pottawatomie,KS,169300,401,2017
Pratt,KS,87600,112,2017
Rawlins,KS,81700,77,2017
Reno,KS,96600,163,2017
Republic,KS,60500,11,2017
Rice,KS,74800,46,2017
Riley,KS,189200,428,2017
Rooks,KS,75400,48,2017
Rush,KS,69900,31,2017
Russell,KS,90100,127,2017
Saline,KS,125400,287,2017
Scott,KS,135900,316,2017
Sedgwick,KS,130900,303,2017
Seward,KS,98500,174,2017
Shawnee,KS,127600,293,2017
Sheridan,KS,101000,183,2017
Sherman,KS,86300,102,2017
Smith,KS,66200,22,2017
Stafford,KS,61800,13,2017
Stanton,KS,71900,36,2017
Stevens,KS,110000,222,2017
Sumner,KS,86800,106,2017
Thomas,KS,114000,241,2017
Trego,KS,84400,91,2017
Wabaunsee,KS,111900,232,2017
Wallace,KS,88300,116,2017
Washington,KS,75300,47,2017
Wichita,KS,84000,90,2017
Wilson,KS,66700,23,2017
Woodson,KS,53200,5,2017
Wyandotte,KS,92800,143,2017
Adair,KY,85900,101,2017
Allen,KY,102500,189,2017
Anderson,KY,138600,323,2017
Ballard,KY,102600,190,2017
Barren,KY,110400,225,2017
Bath,KY,77900,59,2017
Bell,KY,59400,10,2017
Boone,KY,183700,421,2017
Bourbon,KY,144900,341,2017
Boyd,KY,103900,195,2017
Boyle,KY,141100,331,2017
Bracken,KY,102300,188,2017
Breathitt,KY,50000,3,2017
Breckinridge,KY,95200,156,2017
Bullitt,KY,153100,362,2017
Butler,KY,90400,130,2017
Caldwell,KY,95300,157,2017
Calloway,KY,130100,299,2017
Campbell,KY,160700,381,2017
Carlisle,KY,89200,123,2017
Carroll,KY,103800,195,2017
Carter,KY,83300,86,2017
Casey,KY,77600,57,2017
Christian,KY,112200,233,2017
Clark,KY,139200,325,2017
Clay,KY,55600,7,2017
Clinton,KY,66100,22,2017
Crittenden,KY,84600,92,2017
Cumberland,KY,90300,129,2017
Daviess,KY,123200,279,2017
Edmonson,KY,87100,107,2017
Elliott,KY,72700,39,2017
Estill,KY,71000,34,2017
Fayette,KY,175000,412,2017
Fleming,KY,89900,127,2017
Floyd,KY,72900,40,2017
Franklin,KY,139300,325,2017
Fulton,KY,63600,17,2017
Gallatin,KY,109900,221,2017
Garrard,KY,131000,303,2017
Grant,KY,119700,267,2017
Graves,KY,95600,158,2017
Grayson,KY,102200,188,2017
Green,KY,75800,49,2017
Greenup,KY,103300,193,2017
Hancock,KY,109100,219,2017
Hardin,KY,148000,349,2017
Harlan,KY,53500,5,2017
Harrison,KY,132900,309,2017
Hart,KY,90200,128,2017
Henderson,KY,118000,261,2017
Henry,KY,126100,289,2017
Hickman,KY,70200,32,2017
Hopkins,KY,96600,163,2017
Jackson,KY,69900,31,2017
Jefferson,KY,159000,377,2017
Jessamine,KY,164300,390,2017
Johnson,KY,90300,129,2017
Kenton,KY,149700,352,2017
Knott,KY,52000,4,2017
Knox,KY,76900,54,2017
Larue,KY,107300,211,2017
Laurel,KY,102000,187,2017
Lawrence,KY,80400,69,2017
Lee,KY,64200,18,2017
Leslie,KY,48900,2,2017
Letcher,KY,58500,9,2017
Lewis,KY,68300,26,2017
Lincoln,KY,96100,161,2017
Livingston,KY,90800,132,2017
Logan,KY,105400,201,2017
Lyon,KY,122900,278,2017
McCracken,KY,134100,312,2017
McCreary,KY,61300,13,2017
McLean,KY,96800,165,2017
Madison,KY,151000,356,2017
Magoffin,KY,63300,16,2017
Marion,KY,100400,182,2017
Marshall,KY,118100,261,2017
Martin,KY,65500,19,2017
Mason,KY,111200,229,2017
Meade,KY,140800,330,2017
Menifee,KY,77800,58,2017
Mercer,KY,139900,327,2017
Metcalfe,KY,75200,47,2017
Monroe,KY,74500,45,2017
Montgomery,KY,118200,261,2017
Morgan,KY,77500,57,2017
Muhlenberg,KY,82000,80,2017
Nelson,KY,144800,340,2017
Nicholas,KY,82100,80,2017
Ohio,KY,88300,116,2017
Oldham,KY,259700,478,2017
Owen,KY,99100,177,2017
Owsley,KY,70000,31,2017
Pendleton,KY,106400,206,2017
Perry,KY,73300,42,2017
Pike,KY,75400,48,2017
Powell,KY,79800,66,2017
Pulaski,KY,109100,219,2017
Robertson,KY,94500,152,2017
Rockcastle,KY,80800,71,2017
Rowan,KY,121100,272,2017
Russell,KY,87300,109,2017
Scott,KY,170800,403,2017
Shelby,KY,184900,422,2017
Simpson,KY,130500,301,2017
Spencer,KY,190900,430,2017
Taylor,KY,106700,208,2017
Todd,KY,94800,154,2017
Trigg,KY,119500,266,2017
Trimble,KY,110500,225,2017
Union,KY,83100,85,2017
Warren,KY,152300,360,2017
Washington,KY,105600,203,2017
Wayne,KY,81400,75,2017
Webster,KY,80800,71,2017
Whitley,KY,83800,89,2017
Wolfe,KY,65700,20,2017
Woodford,KY,188200,426,2017
Acadia,LA,97500,169,2017
Allen,LA,84800,93,2017
Ascension,LA,179800,418,2017
Assumption,LA,114600,245,2017
Avoyelles,LA,90600,131,2017
Beauregard,LA,115200,248,2017
Bienville,LA,76000,50,2017
Bossier,LA,164600,391,2017
Caddo,LA,138200,322,2017
Calcasieu,LA,138100,322,2017
Caldwell,LA,67800,25,2017
Cameron,LA,110900,227,2017
Catahoula,LA,78700,62,2017
Claiborne,LA,74100,44,2017
Concordia,LA,78500,61,2017
De Soto,LA,110000,222,2017
East Baton Rouge,LA,177800,416,2017
East Carroll,LA,68200,26,2017
East Feliciana,LA,124100,283,2017
Evangeline,LA,90000,127,2017
Franklin,LA,83200,86,2017
Grant,LA,93600,147,2017
Iberia,LA,106700,208,2017
Iberville,LA,127500,293,2017
Jackson,LA,84400,91,2017
Jefferson,LA,176000,413,2017
Jefferson Davis,LA,101800,186,2017
Lafayette,LA,172500,408,2017
Lafourche,LA,144300,339,2017
LaSalle,LA,76700,53,2017
Lincoln,LA,145900,343,2017
Livingston,LA,155800,369,2017
Madison,LA,64100,18,2017
Morehouse,LA,84900,94,2017
Natchitoches,LA,114100,242,2017
Orleans,LA,205000,443,2017
Ouachita,LA,133400,310,2017
Plaquemines,LA,165900,394,2017
Pointe Coupee,LA,124500,284,2017
Rapides,LA,133800,311,2017
Red River,LA,85900,101,2017
Richland,LA,86900,106,2017
Sabine,LA,84200,91,2017
St. Bernard,LA,139200,325,2017
St. Charles,LA,185800,424,2017
St. Helena,LA,77400,56,2017
St. James,LA,136400,318,2017
St. John the Baptist,LA,152800,361,2017
St. Landry,LA,99200,178,2017
St. Martin,LA,114200,242,2017
St. Mary,LA,97000,166,2017
St. Tammany,LA,206600,445,2017
Tangipahoa,LA,149300,351,2017
Tensas,LA,62200,14,2017
Terrebonne,LA,143700,337,2017
Union,LA,88700,119,2017
Vermilion,LA,105700,203,2017
Vernon,LA,116600,255,2017
Washington,LA,84600,92,2017
Webster,LA,81600,76,2017
West Baton Rouge,LA,177000,414,2017
West Carroll,LA,79400,64,2017
West Feliciana,LA,209600,447,2017
Winn,LA,72700,39,2017
Androscoggin,ME,152000,359,2017
Aroostook,ME,97000,166,2017
Cumberland,ME,259400,477,2017
Franklin,ME,136300,318,2017
Hancock,ME,207300,446,2017
Kennebec,ME,154500,366,2017
Knox,ME,199600,439,2017
Lincoln,ME,211900,449,2017
Oxford,ME,137200,320,2017
Penobscot,ME,137900,322,2017
Piscataquis,ME,116100,251,2017
Sagadahoc,ME,199400,438,2017
Somerset,ME,108000,214,2017
Waldo,ME,159800,379,2017
Washington,ME,110000,222,2017
York,ME,233000,464,2017
Allegany,MD,119900,267,2017
Anne Arundel,MD,346000,498,2017
Baltimore,MD,249600,474,2017
Calvert,MD,347200,498,2017
Caroline,MD,201200,439,2017
Carroll,MD,328100,495,2017
Cecil,MD,238000,467,2017
Charles,MD,294000,489,2017
Dorchester,MD,179300,417,2017
Frederick,MD,315400,493,2017
Garrett,MD,167100,397,2017
Harford,MD,281400,486,2017
Howard,MD,439900,504,2017
Kent,MD,237400,467,2017
Montgomery,MD,467500,506,2017
Prince George's,MD,272900,483,2017
Queen Anne's,MD,343200,498,2017
St. Mary's,MD,291500,488,2017
Somerset,MD,131000,303,2017
Talbot,MD,326300,494,2017
Washington,MD,205300,443,2017
Wicomico,MD,171700,406,2017
Worcester,MD,252100,475,2017
Baltimore City,MD,153200,362,2017
Barnstable,MA,375000,501,2017
Berkshire,MA,203300,442,2017
Bristol,MA,280400,486,2017
Dukes,MA,674600,510,2017
Essex,MA,373400,501,2017
Franklin,MA,226600,460,2017
Hampden,MA,198500,438,2017
Hampshire,MA,272700,483,2017
Middlesex,MA,453300,505,2017
Nantucket,MA,995900,511,2017
Norfolk,MA,433000,504,2017
Plymouth,MA,344400,498,2017
Suffolk,MA,430900,504,2017
Worcester,MA,260800,478,2017
Alcona,MI,96000,161,2017
Alger,MI,119000,264,2017
Allegan,MI,150600,355,2017
Alpena,MI,94000,150,2017
Antrim,MI,151500,358,2017
Arenac,MI,88900,121,2017
Baraga,MI,93100,144,2017
Barry,MI,146300,344,2017
Bay,MI,96800,165,2017
Benzie,MI,162200,384,2017
Berrien,MI,140900,330,2017
Branch,MI,97700,170,2017
Calhoun,MI,102600,190,2017
Cass,MI,127600,293,2017
Charlevoix,MI,158800,377,2017
Cheboygan,MI,116900,256,2017
Chippewa,MI,111100,228,2017
Clare,MI,85000,95,2017
Clinton,MI,164700,391,2017
Crawford,MI,91900,138,2017
Delta,MI,105900,204,2017
Dickinson,MI,92100,138,2017
Eaton,MI,142300,333,2017
Emmet,MI,171100,404,2017
Genesee,MI,96500,163,2017
Gladwin,MI,100500,182,2017
Gogebic,MI,70100,32,2017
Grand Traverse,MI,183000,420,2017
Gratiot,MI,92100,138,2017
Hillsdale,MI,105600,203,2017
Houghton,MI,102400,189,2017
Huron,MI,96200,162,2017
Ingham,MI,123700,281,2017
Ionia,MI,117000,257,2017
Iosco,MI,89000,122,2017
Iron,MI,76700,53,2017
Isabella,MI,128400,296,2017
Jackson,MI,120100,269,2017
Kalamazoo,MI,146100,343,2017
Kalkaska,MI,105300,201,2017
Kent,MI,153500,363,2017
Keweenaw,MI,95800,159,2017
Lake,MI,80800,71,2017
Lapeer,MI,151400,357,2017
Leelanau,MI,248900,473,2017
Lenawee,MI,124900,285,2017
Livingston,MI,218700,453,2017
Luce,MI,83200,86,2017
Mackinac,MI,125100,286,2017
Macomb,MI,146700,345,2017
Manistee,MI,116200,252,2017
Marquette,MI,142900,335,2017
Mason,MI,126600,290,2017
Mecosta,MI,114700,246,2017
Menominee,MI,95900,160,2017
Midland,MI,133000,309,2017
Missaukee,MI,107100,209,2017
Monroe,MI,149500,352,2017
Montcalm,MI,101000,183,2017
Montmorency,MI,93800,148,2017
Muskegon,MI,105300,201,2017
Newaygo,MI,104500,197,2017
Oakland,MI,209800,448,2017
Oceana,MI,106300,206,2017
Ogemaw,MI,89600,126,2017
Ontonagon,MI,69500,30,2017
Osceola,MI,91400,135,2017
Oscoda,MI,83400,87,2017
Otsego,MI,124100,283,2017
Ottawa,MI,168000,398,2017
Presque Isle,MI,97800,170,2017
Roscommon,MI,94000,150,2017
Saginaw,MI,94900,155,2017
St. Clair,MI,135000,314,2017
St. Joseph,MI,111200,229,2017
Sanilac,MI,101300,184,2017
Schoolcraft,MI,105000,199,2017
Shiawassee,MI,111000,228,2017
Tuscola,MI,98800,176,2017
Van Buren,MI,123100,279,2017
Washtenaw,MI,231500,463,2017
Wayne,MI,92400,140,2017
Wexford,MI,96500,163,2017
Aitkin,MN,169300,401,2017
Anoka,MN,205000,443,2017
Becker,MN,182100,420,2017
Beltrami,MN,153100,362,2017
Benton,MN,162600,385,2017
Big Stone,MN,97000,166,2017
Blue Earth,MN,170800,403,2017
Brown,MN,135300,314,2017
Carlton,MN,162800,385,2017
Carver,MN,287200,488,2017
Cass,MN,178700,417,2017
Chippewa,MN,104500,197,2017
Chisago,MN,206400,445,2017
Clay,MN,173100,409,2017
Clearwater,MN,122800,278,2017
Cook,MN,241400,469,2017
Cottonwood,MN,89400,124,2017
Crow Wing,MN,188100,426,2017
Dakota,MN,238000,467,2017
Dodge,MN,167900,398,2017
Douglas,MN,197200,436,2017
Faribault,MN,86500,104,2017
Fillmore,MN,148300,349,2017
Freeborn,MN,105100,200,2017
Goodhue,MN,191400,430,2017
Grant,MN,104900,198,2017
Hennepin,MN,245400,472,2017
Houston,MN,164200,390,2017
Hubbard,MN,182700,420,2017
Isanti,MN,172900,409,2017
Itasca,MN,156100,370,2017
Jackson,MN,114100,242,2017
Kanabec,MN,147200,346,2017
Kandiyohi,MN,167000,397,2017
Kittson,MN,71800,35,2017
Koochiching,MN,108300,215,2017
Lac qui Parle,MN,81100,73,2017
Lake,MN,165800,393,2017
Lake of the Woods,MN,128400,296,2017
Le Sueur,MN,190700,430,2017
Lincoln,MN,95300,157,2017
Lyon,MN,135900,316,2017
McLeod,MN,150400,355,2017
Mahnomen,MN,97300,167,2017
Marshall,MN,104500,197,2017
Martin,MN,112400,235,2017
Meeker,MN,161600,383,2017
Mille Lacs,MN,151400,357,2017
Morrison,MN,159100,378,2017
Mower,MN,114700,246,2017
Murray,MN,107700,213,2017
Nicollet,MN,178000,416,2017
Nobles,MN,118300,261,2017
Norman,MN,88500,117,2017
Olmsted,MN,188300,427,2017
Otter Tail,MN,170900,404,2017
Pennington,MN,133300,310,2017
Pine,MN,151600,358,2017
Pipestone,MN,91200,134,2017
Polk,MN,152600,360,2017
Pope,MN,163600,388,2017
Ramsey,MN,208700,447,2017
Red Lake,MN,107300,211,2017
Redwood,MN,97400,168,2017
Renville,MN,100100,181,2017
Rice,MN,188400,427,2017
Rock,MN,133600,310,2017
Roseau,MN,118500,263,2017
St. Louis,MN,146700,345,2017
Scott,MN,272000,482,2017
Sherburne,MN,204100,442,2017
Sibley,MN,142800,334,2017
Stearns,MN,171300,405,2017
Steele,MN,154300,365,2017
Stevens,MN,150800,356,2017
Swift,MN,102100,187,2017
Todd,MN,141000,331,2017
Traverse,MN,79800,66,2017
Wabasha,MN,167300,398,2017
Wadena,MN,118900,264,2017
Waseca,MN,147800,348,2017
Washington,MN,264300,480,2017
Watonwan,MN,94500,152,2017
Wilkin,MN,114400,243,2017
Winona,MN,158400,376,2017
Wright,MN,211500,448,2017
Yellow Medicine,MN,99100,177,2017
Adams,MS,90800,132,2017
Alcorn,MS,86100,102,2017
Amite,MS,77500,57,2017
Attala,MS,72700,39,2017
Benton,MS,70300,32,2017
Bolivar,MS,89100,122,2017
Calhoun,MS,66600,22,2017
Carroll,MS,90900,133,2017
Chickasaw,MS,63800,17,2017
Choctaw,MS,77200,55,2017
Claiborne,MS,61000,12,2017
Clarke,MS,72000,36,2017
Clay,MS,81200,74,2017
Coahoma,MS,62400,14,2017
Copiah,MS,93800,148,2017
Covington,MS,77600,57,2017
DeSoto,MS,158600,376,2017
Forrest,MS,114700,246,2017
Franklin,MS,74700,46,2017
George,MS,98200,172,2017
Greene,MS,80700,70,2017
Grenada,MS,93200,145,2017
Hancock,MS,132800,308,2017
Harrison,MS,144300,339,2017
Hinds,MS,109400,220,2017
Holmes,MS,50600,3,2017
Humphreys,MS,64200,18,2017
Issaquena,MS,50200,3,2017
Itawamba,MS,87000,107,2017
Jackson,MS,125100,286,2017
Jasper,MS,67300,24,2017
Jefferson,MS,57100,8,2017
Jefferson Davis,MS,80600,70,2017
Jones,MS,85600,98,2017
Kemper,MS,70900,33,2017
Lafayette,MS,177300,415,2017
Lamar,MS,169000,400,2017
Lauderdale,MS,88500,117,2017
Lawrence,MS,89100,122,2017
Leake,MS,80800,71,2017
Lee,MS,125600,287,2017
Leflore,MS,76100,50,2017
Lincoln,MS,94800,154,2017
Lowndes,MS,123400,280,2017
Madison,MS,213400,450,2017
Marion,MS,78500,61,2017
Marshall,MS,94300,151,2017
Monroe,MS,87100,107,2017
Montgomery,MS,77900,59,2017
Neshoba,MS,80400,69,2017
Newton,MS,80300,68,2017
Noxubee,MS,57400,9,2017
Oktibbeha,MS,146400,344,2017
Panola,MS,73800,44,2017
Pearl River,MS,122900,278,2017
Perry,MS,81100,73,2017
Pike,MS,87500,111,2017
Pontotoc,MS,102100,187,2017
Prentiss,MS,90500,130,2017
Quitman,MS,51400,4,2017
Rankin,MS,158400,376,2017
Scott,MS,71500,35,2017
Sharkey,MS,51100,4,2017
Simpson,MS,86800,106,2017
Smith,MS,79700,65,2017
Stone,MS,113900,240,2017
Sunflower,MS,71600,35,2017
Tallahatchie,MS,63400,17,2017
Tate,MS,107400,211,2017
Tippah,MS,86000,101,2017
Tishomingo,MS,82700,83,2017
Tunica,MS,96000,161,2017
Union,MS,92500,141,2017
Walthall,MS,101900,186,2017
Warren,MS,114600,245,2017
Washington,MS,74400,45,2017
Wayne,MS,80100,67,2017
Webster,MS,77400,56,2017
Wilkinson,MS,60400,10,2017
Winston,MS,77600,57,2017
Yalobusha,MS,75200,47,2017
Yazoo,MS,78700,62,2017
Adair,MO,117700,260,2017
Andrew,MO,136400,318,2017
Atchison,MO,82000,80,2017
Audrain,MO,95800,159,2017
Barry,MO,112600,236,2017
Barton,MO,97500,169,2017
Bates,MO,108300,215,2017
Benton,MO,114600,245,2017
Bollinger,MO,97100,167,2017
Boone,MO,177800,416,2017
Buchanan,MO,114800,246,2017
Butler,MO,104600,197,2017
Caldwell,MO,103600,194,2017
Callaway,MO,132500,308,2017
Camden,MO,176300,414,2017
Cape Girardeau,MO,151900,359,2017
Carroll,MO,81800,78,2017
Carter,MO,90400,130,2017
Cass,MO,165800,393,2017
Cedar,MO,92700,142,2017
Chariton,MO,81300,75,2017
Christian,MO,154400,366,2017
Clark,MO,85000,95,2017
Clay,MO,160900,381,2017
Clinton,MO,142000,332,2017
Cole,MO,154200,365,2017
Cooper,MO,128900,297,2017
Crawford,MO,116100,251,2017
Dade,MO,75700,49,2017
Dallas,MO,107400,211,2017
Daviess,MO,101100,183,2017
DeKalb,MO,111600,230,2017
Dent,MO,107300,211,2017
Douglas,MO,101700,186,2017
Dunklin,MO,69500,30,2017
Franklin,MO,156800,372,2017
Gasconade,MO,123000,279,2017
Gentry,MO,85600,98,2017
Greene,MO,136300,318,2017
Grundy,MO,85100,96,2017
Harrison,MO,72800,39,2017
Henry,MO,92200,139,2017
Hickory,MO,90200,128,2017
Holt,MO,93700,147,2017
Howard,MO,116300,252,2017
Howell,MO,102200,188,2017
Iron,MO,83100,85,2017
Jackson,MO,131500,305,2017
Jasper,MO,112700,237,2017
Jefferson,MO,154100,364,2017
Johnson,MO,147000,346,2017
Knox,MO,72400,38,2017
Laclede,MO,112700,237,2017
Lafayette,MO,122600,277,2017
Lawrence,MO,98000,171,2017
Lewis,MO,85500,97,2017
Lincoln,MO,154100,364,2017
Linn,MO,80400,69,2017
Livingston,MO,106000,205,2017
McDonald,MO,97000,166,2017
Macon,MO,89000,122,2017
Madison,MO,99800,179,2017
Maries,MO,122800,278,2017
Marion,MO,113500,239,2017
Mercer,MO,82500,83,2017
Miller,MO,126500,290,2017
Mississippi,MO,73400,42,2017
Moniteau,MO,118400,262,2017
Monroe,MO,103100,192,2017
Montgomery,MO,105300,201,2017
Morgan,MO,115600,250,2017
New Madrid,MO,74500,45,2017
Newton,MO,118200,261,2017
Nodaway,MO,117800,260,2017
Oregon,MO,87200,108,2017
Osage,MO,140500,330,2017
Ozark,MO,91800,137,2017
Pemiscot,MO,73300,42,2017
Perry,MO,131900,306,2017
Pettis,MO,111400,230,2017
Phelps,MO,126100,289,2017
Pike,MO,106500,207,2017
Platte,MO,204900,443,2017
Polk,MO,122600,277,2017
Pulaski,MO,141700,332,2017
Putnam,MO,84500,92,2017
Ralls,MO,126000,288,2017
Randolph,MO,93800,148,2017
Ray,MO,129700,298,2017
Reynolds,MO,90300,129,2017
Ripley,MO,87800,114,2017
St. Charles,MO,198500,438,2017
St. Clair,MO,78500,61,2017
Ste. Genevieve,MO,148800,350,2017
St. Francois,MO,110200,223,2017
St. Louis,MO,123800,281,2017
Saline,MO,96700,164,2017
Schuyler,MO,72500,38,2017
Scotland,MO,82000,80,2017
Scott,MO,103300,193,2017
Shannon,MO,101400,185,2017
Shelby,MO,70300,32,2017
Stoddard,MO,91300,134,2017
Stone,MO,160600,381,2017
Sullivan,MO,77700,58,2017
Taney,MO,124400,283,2017
Texas,MO,105800,204,2017
Vernon,MO,97100,167,2017
Warren,MO,166100,394,2017
Washington,MO,90400,130,2017
Wayne,MO,72700,39,2017
Webster,MO,122500,276,2017
Worth,MO,60600,11,2017
Wright,MO,89500,125,2017
Beaverhead,MT,192600,431,2017
Big Horn,MT,100000,180,2017
Blaine,MT,85800,100,2017
Broadwater,MT,195000,434,2017
Carbon,MT,227400,461,2017
Carter,MT,97900,170,2017
Cascade,MT,168100,398,2017
Chouteau,MT,123000,279,2017
Custer,MT,157000,372,2017
Daniels,MT,123500,280,2017
Dawson,MT,154300,365,2017
Deer Lodge,MT,116700,255,2017
Fallon,MT,154200,365,2017
Fergus,MT,133700,311,2017
Flathead,MT,246500,472,2017
Gallatin,MT,303700,490,2017
Garfield,MT,116300,252,2017
Glacier,MT,105000,199,2017
Golden Valley,MT,98300,172,2017
Granite,MT,218900,454,2017
Hill,MT,128000,294,2017
Jefferson,MT,264000,479,2017
Judith Basin,MT,138500,323,2017
Lake,MT,224100,458,2017
Lewis and Clark,MT,220600,456,2017
Liberty,MT,108000,214,2017
Lincoln,MT,175500,412,2017
McCone,MT,111900,232,2017
Madison,MT,252200,475,2017
Meagher,MT,136300,318,2017
Mineral,MT,159800,379,2017
Missoula,MT,259600,478,2017
Musselshell,MT,161400,382,2017
Park,MT,235600,466,2017
Petroleum,MT,112000,233,2017
Phillips,MT,117800,260,2017
Pondera,MT,122100,275,2017
Powder River,MT,110900,227,2017
Powell,MT,141000,331,2017
Prairie,MT,100700,182,2017
Ravalli,MT,246600,472,2017
Richland,MT,213000,450,2017
Roosevelt,MT,116400,253,2017
Rosebud,MT,118600,263,2017
Sanders,MT,205000,443,2017
Sheridan,MT,146500,344,2017
Silver Bow,MT,133800,311,2017
Stillwater,MT,225200,459,2017
Sweet Grass,MT,225900,459,2017
Teton,MT,156600,371,2017
Toole,MT,125200,286,2017
Treasure,MT,105500,202,2017
Valley,MT,135600,315,2017
Wheatland,MT,89300,123,2017
Wibaux,MT,110100,223,2017
Yellowstone,MT,210500,448,2017
Adams,NE,115300,248,2017
Antelope,NE,78500,61,2017
Arthur,NE,101500,185,2017
Banner,NE,137200,320,2017
Blaine,NE,85900,101,2017
Boone,NE,105600,203,2017
Box Butte,NE,105400,201,2017
Boyd,NE,63800,17,2017
Brown,NE,80200,68,2017
Buffalo,NE,161200,382,2017
Burt,NE,91600,136,2017
Butler,NE,111500,230,2017
Cass,NE,166200,395,2017
Cedar,NE,113600,239,2017
Chase,NE,109900,221,2017
Cherry,NE,119800,267,2017
Cheyenne,NE,114100,242,2017
Clay,NE,85000,95,2017
Colfax,NE,94300,151,2017
Cuming,NE,113200,239,2017
Custer,NE,92800,143,2017
Dakota,NE,116400,253,2017
Dawes,NE,107500,212,2017
Dawson,NE,101000,183,2017
Deuel,NE,76300,51,2017
Dixon,NE,87600,112,2017
Dodge,NE,119600,266,2017
Douglas,NE,155100,368,2017
Dundy,NE,73900,44,2017
Fillmore,NE,76100,50,2017
Franklin,NE,62000,13,2017
Frontier,NE,98200,172,2017
Furnas,NE,65300,19,2017
Gage,NE,108800,217,2017
Garden,NE,81800,78,2017
Garfield,NE,96100,161,2017
Gosper,NE,116300,252,2017
Grant,NE,55300,6,2017
Greeley,NE,69400,29,2017
Hall,NE,136500,318,2017
Hamilton,NE,136200,317,2017
Harlan,NE,83200,86,2017
Hayes,NE,77500,57,2017
Hitchcock,NE,58400,9,2017
Holt,NE,102900,191,2017
Hooker,NE,85800,100,2017
Howard,NE,119600,266,2017
Jefferson,NE,75500,48,2017
Johnson,NE,82200,81,2017
Kearney,NE,128600,296,2017
Keith,NE,108400,216,2017
Keya Paha,NE,72000,36,2017
Kimball,NE,83200,86,2017
Knox,NE,85100,96,2017
Lancaster,NE,162900,386,2017
Lincoln,NE,130800,302,2017
Logan,NE,110900,227,2017
Loup,NE,159100,378,2017
McPherson,NE,137500,321,2017
Madison,NE,126100,289,2017
Merrick,NE,90900,133,2017
Morrill,NE,87400,110,2017
Nance,NE,80400,69,2017
Nemaha,NE,114600,245,2017
Nuckolls,NE,62300,14,2017
Otoe,NE,130700,302,2017
Pawnee,NE,71100,34,2017
Perkins,NE,105600,203,2017
Phelps,NE,120000,268,2017
Pierce,NE,102600,190,2017
Platte,NE,136600,319,2017
Polk,NE,100200,181,2017
Red Willow,NE,91500,135,2017
Richardson,NE,69300,29,2017
Rock,NE,83700,88,2017
Saline,NE,95000,155,2017
Sarpy,NE,173900,410,2017
Saunders,NE,159400,378,2017
Scotts Bluff,NE,116600,255,2017
Seward,NE,159700,378,2017
Sheridan,NE,70900,33,2017
Sherman,NE,85400,97,2017
Sioux,NE,103200,193,2017
Stanton,NE,111900,232,2017
Thayer,NE,67500,24,2017
Thomas,NE,82300,81,2017
Thurston,NE,79100,63,2017
Valley,NE,92700,142,2017
Washington,NE,182400,420,2017
Wayne,NE,133000,309,2017
Webster,NE,75600,49,2017
Wheeler,NE,104300,196,2017
York,NE,128400,296,2017
Churchill,NV,169100,400,2017
Clark,NV,212300,449,2017
Douglas,NV,311400,492,2017
Elko,NV,198100,437,2017
Esmeralda,NV,73500,43,2017
Eureka,NV,83100,85,2017
Humboldt,NV,163500,388,2017
Lander,NV,151900,359,2017
Lincoln,NV,132900,309,2017
Lyon,NV,158000,374,2017
Mineral,NV,90900,133,2017
Nye,NV,125100,286,2017
Pershing,NV,101100,183,2017
Storey,NV,187100,425,2017
Washoe,NV,268100,482,2017
White Pine,NV,130600,301,2017
Carson,NV,217400,453,2017
Belknap,NH,220400,455,2017
Carroll,NH,227600,461,2017
Cheshire,NH,188700,427,2017
Coos,NH,123200,279,2017
Grafton,NH,215600,452,2017
Hillsborough,NH,256300,476,2017
Merrimack,NH,226700,460,2017
Rockingham,NH,295900,489,2017
Strafford,NH,220900,456,2017
Sullivan,NH,171100,404,2017
Atlantic,NJ,219000,454,2017
Bergen,NJ,451200,504,2017
Burlington,NJ,245300,472,2017
Camden,NJ,193500,432,2017
Cape May,NJ,295500,489,2017
Cumberland,NJ,160500,380,2017
Essex,NJ,362300,500,2017
Gloucester,NJ,213800,451,2017
Hudson,NJ,349500,498,2017
Hunterdon,NJ,393800,502,2017
Mercer,NJ,281900,486,2017
Middlesex,NJ,329000,495,2017
Monmouth,NJ,396200,502,2017
Morris,NJ,438100,504,2017
Ocean,NJ,267900,481,2017
Passaic,NJ,333200,496,2017
Salem,NJ,185800,424,2017
Somerset,NJ,412800,502,2017
Sussex,NJ,264100,480,2017
Union,NJ,351800,499,2017
Warren,NJ,256700,477,2017
Bernalillo,NM,189700,428,2017
Catron,NM,164600,391,2017
Chaves,NM,106400,206,2017
Cibola,NM,89800,126,2017
Colfax,NM,105900,204,2017
Curry,NM,131200,304,2017
De Baca,NM,67700,25,2017
Dona Ana,NM,140700,330,2017
Eddy,NM,143100,336,2017
Grant,NM,125300,286,2017
Guadalupe,NM,81100,73,2017
Harding,NM,67800,25,2017
Hidalgo,NM,81200,74,2017
Lea,NM,118500,263,2017
Lincoln,NM,171900,406,2017
Los Alamos,NM,285300,487,2017
Luna,NM,83800,89,2017
McKinley,NM,62800,15,2017
Mora,NM,109100,219,2017
Otero,NM,106300,206,2017
Quay,NM,72200,37,2017
Rio Arriba,NM,167100,397,2017
Roosevelt,NM,114300,243,2017
Sandoval,NM,183300,421,2017
San Juan,NM,143300,337,2017
San Miguel,NM,132900,309,2017
Santa Fe,NM,277700,484,2017
Sierra,NM,99600,178,2017
Socorro,NM,103000,192,2017
Taos,NM,218400,453,2017
Torrance,NM,111700,231,2017
Union,NM,89500,125,2017
Valencia,NM,133100,310,2017
Albany,NY,214400,451,2017
Allegany,NY,73300,42,2017
Bronx,NY,371800,501,2017
Broome,NY,113100,238,2017
Cattaraugus,NY,86500,104,2017
Cayuga,NY,120000,268,2017
Chautauqua,NY,85800,100,2017
Chemung,NY,105500,202,2017
Chenango,NY,95900,160,2017
Clinton,NY,129000,297,2017
Columbia,NY,224600,458,2017
Cortland,NY,113900,240,2017
Delaware,NY,138000,322,2017
Dutchess,NY,275200,484,2017
Erie,NY,139900,327,2017
Essex,NY,146900,345,2017
Franklin,NY,102200,188,2017
Fulton,NY,107600,212,2017
Genesee,NY,111900,232,2017
Greene,NY,176100,413,2017
Hamilton,NY,164000,389,2017
Herkimer,NY,95800,159,2017
Jefferson,NY,149300,351,2017
Kings,NY,623900,509,2017
Lewis,NY,121700,274,2017
Livingston,NY,125000,285,2017
Madison,NY,132800,308,2017
Monroe,NY,142300,333,2017
Montgomery,NY,99900,180,2017
Nassau,NY,460700,505,2017
New York,NY,915300,511,2017
Niagara,NY,114800,246,2017
Oneida,NY,120000,268,2017
Onondaga,NY,139400,326,2017
Ontario,NY,156500,371,2017
Orange,NY,260300,478,2017
Orleans,NY,93600,147,2017
Oswego,NY,97800,170,2017
Otsego,NY,141900,332,2017
Putnam,NY,357700,499,2017
Queens,NY,481300,506,2017
Rensselaer,NY,183400,421,2017
Richmond,NY,460200,505,2017
Rockland,NY,425100,503,2017
St. Lawrence,NY,88000,115,2017
Saratoga,NY,243600,471,2017
Schenectady,NY,164100,389,2017
Schoharie,NY,143300,337,2017
Schuyler,NY,114700,246,2017
Seneca,NY,98400,173,2017
Steuben,NY,95300,157,2017
Suffolk,NY,379400,501,2017
Sullivan,NY,167900,398,2017
Tioga,NY,113000,237,2017
Tompkins,NY,190100,429,2017
Ulster,NY,221600,456,2017
Warren,NY,192800,431,2017
Washington,NY,144900,341,2017
Wayne,NY,118900,264,2017
Westchester,NY,513300,507,2017
Wyoming,NY,108500,217,2017
Yates,NY,128900,297,2017
Alamance,NC,145500,341,2017
Alexander,NC,131800,306,2017
Alleghany,NC,136000,316,2017
Anson,NC,83700,88,2017
Ashe,NC,150300,354,2017
Avery,NC,138800,324,2017
Beaufort,NC,123600,281,2017
Bertie,NC,78900,62,2017
Bladen,NC,89500,125,2017
Brunswick,NC,194700,433,2017
Buncombe,NC,209800,448,2017
Burke,NC,115400,249,2017
Cabarrus,NC,180300,419,2017
Caldwell,NC,112400,235,2017
Camden,NC,222500,456,2017
Carteret,NC,197700,436,2017
Caswell,NC,104700,198,2017
Catawba,NC,139900,327,2017
Chatham,NC,251600,474,2017
Cherokee,NC,145500,341,2017
Chowan,NC,128300,295,2017
Clay,NC,154600,366,2017
Cleveland,NC,110500,225,2017
Columbus,NC,85200,96,2017
Craven,NC,156500,371,2017
Cumberland,NC,131200,304,2017
Currituck,NC,244500,471,2017
Dare,NC,285000,487,2017
Davidson,NC,134800,313,2017
Davie,NC,170000,402,2017
Duplin,NC,88800,120,2017
Durham,NC,195900,434,2017
Edgecombe,NC,84000,90,2017
Forsyth,NC,151400,357,2017
Franklin,NC,140300,328,2017
Gaston,NC,130700,302,2017
Gates,NC,142500,334,2017
Graham,NC,124800,284,2017
Granville,NC,146100,343,2017
Greene,NC,85700,99,2017
Guilford,NC,160200,380,2017
Halifax,NC,86500,104,2017
Harnett,NC,144700,340,2017
Haywood,NC,175900,413,2017
Henderson,NC,193200,432,2017
Hertford,NC,86800,106,2017
Hoke,NC,137700,321,2017
Hyde,NC,81000,72,2017
Iredell,NC,173600,410,2017
Jackson,NC,177200,415,2017
Johnston,NC,150700,355,2017
Jones,NC,92700,142,2017
Lee,NC,138400,323,2017
Lenoir,NC,93500,146,2017
Lincoln,NC,158700,376,2017
McDowell,NC,110400,225,2017
Macon,NC,162000,384,2017
Madison,NC,172200,407,2017
Martin,NC,83100,85,2017
Mecklenburg,NC,203900,442,2017
Mitchell,NC,140600,330,2017
Montgomery,NC,105900,204,2017
Moore,NC,207300,446,2017
Nash,NC,123100,279,2017
New Hanover,NC,225600,459,2017
Northampton,NC,81900,79,2017
Onslow,NC,154400,366,2017
Orange,NC,283000,486,2017
Pamlico,NC,150600,355,2017
Pasquotank,NC,158900,377,2017
Pender,NC,167200,397,2017
Perquimans,NC,165500,393,2017
Person,NC,118500,263,2017
Pitt,NC,138700,324,2017
Polk,NC,205500,444,2017
Randolph,NC,119500,266,2017
Richmond,NC,80000,67,2017
Robeson,NC,72100,37,2017
Rockingham,NC,109600,220,2017
Rowan,NC,130400,301,2017
Rutherford,NC,109000,218,2017
Sampson,NC,87700,113,2017
Scotland,NC,85200,96,2017
Stanly,NC,133000,309,2017
Stokes,NC,123900,282,2017
Surry,NC,120900,271,2017
Swain,NC,122300,276,2017
Transylvania,NC,202100,440,2017
Tyrrell,NC,113100,238,2017
Union,NC,215200,452,2017
Vance,NC,95500,158,2017
Wake,NC,250700,474,2017
Warren,NC,93900,149,2017
Washington,NC,86000,101,2017
Watauga,NC,240700,469,2017
Wayne,NC,117000,257,2017
Wilkes,NC,123700,281,2017
Wilson,NC,119200,265,2017
Yadkin,NC,127300,292,2017
Yancey,NC,139800,326,2017
Adams,ND,144900,341,2017
Barnes,ND,117200,258,2017
Benson,ND,68900,28,2017
Billings,ND,185300,423,2017
Bottineau,ND,140500,330,2017
Bowman,ND,149600,352,2017
Burke,ND,115300,248,2017
Burleigh,ND,237000,466,2017
Cass,ND,198100,437,2017
Cavalier,ND,95500,158,2017
Dickey,ND,110400,225,2017
Divide,ND,150800,356,2017
Dunn,ND,168800,399,2017
Eddy,ND,74200,44,2017
Emmons,ND,92200,139,2017
Foster,ND,125600,287,2017
Golden Valley,ND,119900,267,2017
Grand Forks,ND,181600,419,2017
Grant,ND,79800,66,2017
Griggs,ND,91800,137,2017
Hettinger,ND,108200,215,2017
Kidder,ND,104400,196,2017
LaMoure,ND,91100,133,2017
Logan,ND,79000,63,2017
McHenry,ND,116700,255,2017
McIntosh,ND,72300,37,2017
McKenzie,ND,213600,451,2017
McLean,ND,159300,378,2017
Mercer,ND,166200,395,2017
Morton,ND,187600,426,2017
Mountrail,ND,169800,402,2017
Nelson,ND,78700,62,2017
Oliver,ND,171800,406,2017
Pembina,ND,85500,97,2017
Pierce,ND,110400,225,2017
Ramsey,ND,130400,301,2017
Ransom,ND,120600,270,2017
Renville,ND,125900,288,2017
Richland,ND,116000,251,2017
Rolette,ND,73700,43,2017
Sargent,ND,96400,162,2017
Sheridan,ND,84900,94,2017
Sioux,ND,76300,51,2017
Slope,ND,89300,123,2017
Stark,ND,228200,462,2017
Steele,ND,72000,36,2017
Stutsman,ND,130900,303,2017
Towner,ND,73000,40,2017
Traill,ND,127200,292,2017
Walsh,ND,83700,88,2017
Ward,ND,211900,449,2017
Wells,ND,84200,91,2017
Williams,ND,238900,468,2017
Adams,OH,98000,171,2017
Allen,OH,110900,227,2017
Ashland,OH,122000,275,2017
Ashtabula,OH,106300,206,2017
Athens,OH,116500,254,2017
Auglaize,OH,143100,336,2017
Belmont,OH,94800,154,2017
Brown,OH,118600,263,2017
Butler,OH,162300,384,2017
Carroll,OH,116700,255,2017
Champaign,OH,126700,291,2017
Clark,OH,107300,211,2017
Clermont,OH,160600,381,2017
Clinton,OH,123700,281,2017
Columbiana,OH,104300,196,2017
Coshocton,OH,95500,158,2017
Crawford,OH,85600,98,2017
Cuyahoga,OH,123900,282,2017
Darke,OH,113200,239,2017
Defiance,OH,112700,237,2017
Delaware,OH,279800,485,2017
Erie,OH,132400,307,2017
Fairfield,OH,168500,399,2017
Fayette,OH,108900,217,2017
Franklin,OH,158400,376,2017
Fulton,OH,134700,313,2017
Gallia,OH,103200,193,2017
Geauga,OH,228000,462,2017
Greene,OH,163500,388,2017
Guernsey,OH,103100,192,2017
Hamilton,OH,145800,342,2017
Hancock,OH,132600,308,2017
Hardin,OH,95400,158,2017
Harrison,OH,88600,119,2017
Henry,OH,116200,252,2017
Highland,OH,107800,213,2017
Hocking,OH,118400,262,2017
Holmes,OH,183800,421,2017
Huron,OH,118800,264,2017
Jackson,OH,93900,149,2017
Jefferson,OH,88700,119,2017
Knox,OH,138900,325,2017
Lake,OH,150100,353,2017
Lawrence,OH,101500,185,2017
Licking,OH,157800,374,2017
Logan,OH,127200,292,2017
Lorain,OH,140300,328,2017
Lucas,OH,109000,218,2017
Madison,OH,156700,371,2017
Mahoning,OH,99300,178,2017
Marion,OH,93700,147,2017
Medina,OH,185800,424,2017
Meigs,OH,87400,110,2017
Mercer,OH,137900,322,2017
Miami,OH,138900,325,2017
Monroe,OH,97400,168,2017
Montgomery,OH,112100,233,2017
Morgan,OH,90500,130,2017
Morrow,OH,139400,326,2017
Muskingum,OH,112500,235,2017
Noble,OH,91300,134,2017
Ottawa,OH,145400,341,2017
Paulding,OH,92500,141,2017
Perry,OH,102500,189,2017
Pickaway,OH,152000,359,2017
Pike,OH,100100,181,2017
Portage,OH,152000,359,2017
Preble,OH,116900,256,2017
Putnam,OH,147200,346,2017
Richland,OH,103700,194,2017
Ross,OH,114600,245,2017
Sandusky,OH,111900,232,2017
Scioto,OH,93000,143,2017
Seneca,OH,98600,175,2017
Shelby,OH,137800,321,2017
Stark,OH,127100,292,2017
Summit,OH,137000,319,2017
Trumbull,OH,101600,185,2017
Tuscarawas,OH,117100,257,2017
Union,OH,186000,424,2017
Van Wert,OH,99000,177,2017
Vinton,OH,85700,99,2017
Warren,OH,200100,439,2017
Washington,OH,119400,265,2017
Wayne,OH,140100,328,2017
Williams,OH,94200,150,2017
Wood,OH,154700,366,2017
Wyandot,OH,110600,225,2017
Adair,OK,81200,74,2017
Alfalfa,OK,74500,45,2017
Atoka,OK,98400,173,2017
Beaver,OK,106500,207,2017
Beckham,OK,117100,257,2017
Blaine,OK,83800,89,2017
Bryan,OK,98900,176,2017
Caddo,OK,81900,79,2017
Canadian,OK,155400,369,2017
Carter,OK,109000,218,2017
Cherokee,OK,111300,230,2017
Choctaw,OK,88800,120,2017
Cimarron,OK,57400,9,2017
Cleveland,OK,155500,369,2017
Coal,OK,87800,114,2017
Comanche,OK,125600,287,2017
Cotton,OK,77600,57,2017
Craig,OK,96100,161,2017
Creek,OK,112100,233,2017
Custer,OK,127600,293,2017
Delaware,OK,110000,222,2017
Dewey,OK,86700,105,2017
Ellis,OK,83700,88,2017
Garfield,OK,104000,195,2017
Garvin,OK,93400,145,2017
Grady,OK,117200,258,2017
Grant,OK,76400,52,2017
Greer,OK,65800,20,2017
Harmon,OK,49700,3,2017
Harper,OK,76300,51,2017
Haskell,OK,87500,111,2017
Hughes,OK,69400,29,2017
Jackson,OK,97800,170,2017
Jefferson,OK,59700,10,2017
Johnston,OK,79500,64,2017
Kay,OK,84100,90,2017
Kingfisher,OK,136200,317,2017
Kiowa,OK,62500,14,2017
Latimer,OK,81100,73,2017
Le Flore,OK,87200,108,2017
Lincoln,OK,103400,193,2017
Logan,OK,153100,362,2017
Love,OK,94600,153,2017
McClain,OK,166400,395,2017
McCurtain,OK,78000,59,2017
McIntosh,OK,95300,157,2017
Major,OK,94000,150,2017
Marshall,OK,86600,104,2017
Mayes,OK,106700,208,2017
Murray,OK,107100,209,2017
Muskogee,OK,97700,170,2017
Noble,OK,94800,154,2017
Nowata,OK,81600,76,2017
Okfuskee,OK,79100,63,2017
Oklahoma,OK,142700,334,2017
Okmulgee,OK,80300,68,2017
Osage,OK,110100,223,2017
Ottawa,OK,84300,91,2017
Pawnee,OK,87500,111,2017
Payne,OK,147400,347,2017
Pittsburg,OK,98400,173,2017
Pontotoc,OK,120300,269,2017
Pottawatomie,OK,108400,216,2017
Pushmataha,OK,73400,42,2017
Roger Mills,OK,106100,205,2017
Rogers,OK,150900,356,2017
Seminole,OK,71200,34,2017
Sequoyah,OK,92500,141,2017
Stephens,OK,104000,195,2017
Texas,OK,109300,220,2017
Tillman,OK,54100,6,2017
Tulsa,OK,145800,342,2017
Wagoner,OK,150400,355,2017
Washington,OK,112600,236,2017
Washita,OK,80200,68,2017
Woods,OK,93100,144,2017
Woodward,OK,123000,279,2017
Baker,OR,145600,342,2017
Benton,OR,288700,488,2017
Clackamas,OR,341600,497,2017
Clatsop,OR,253900,475,2017
Columbia,OR,223300,457,2017
Coos,OR,177300,415,2017
Crook,OR,187200,425,2017
Curry,OR,221300,456,2017
Deschutes,OR,298200,490,2017
Douglas,OR,174200,411,2017
Gilliam,OR,110900,227,2017
Grant,OR,155400,369,2017
Harney,OR,111900,232,2017
Hood River,OR,339400,497,2017
Jackson,OR,240900,469,2017
Jefferson,OR,178300,417,2017
Josephine,OR,235600,466,2017
Klamath,OR,156900,372,2017
Lake,OR,123100,279,2017
Lane,OR,232800,464,2017
Lincoln,OR,227700,462,2017
Linn,OR,184900,422,2017
Malheur,OR,127700,294,2017
Marion,OR,205600,444,2017
Morrow,OR,131600,305,2017
Multnomah,OR,330900,495,2017
Polk,OR,224700,458,2017
Sherman,OR,144000,338,2017
Tillamook,OR,233500,465,2017
Umatilla,OR,147900,348,2017
Union,OR,172100,406,2017
Wallowa,OR,217600,453,2017
Wasco,OR,191400,430,2017
Washington,OR,331700,496,2017
Wheeler,OR,138300,323,2017
Yamhill,OR,254000,475,2017
Adams,PA,197400,436,2017
Allegheny,PA,140600,330,2017
Armstrong,PA,98600,175,2017
Beaver,PA,129200,297,2017
Bedford,PA,126800,291,2017
Berks,PA,170900,404,2017
Blair,PA,117300,258,2017
Bradford,PA,145600,342,2017
Bucks,PA,315700,493,2017
Butler,PA,190000,428,2017
Cambria,PA,88900,121,2017
Cameron,PA,73800,44,2017
Carbon,PA,141200,331,2017
Centre,PA,212300,449,2017
Chester,PA,338200,496,2017
Clarion,PA,109900,221,2017
Clearfield,PA,90300,129,2017
Clinton,PA,124700,284,2017
Columbia,PA,143300,337,2017
Crawford,PA,108200,215,2017
Cumberland,PA,194100,433,2017
Dauphin,PA,163300,387,2017
Delaware,PA,235200,465,2017
Elk,PA,97100,167,2017
Erie,PA,124100,283,2017
Fayette,PA,94600,153,2017
Forest,PA,91000,133,2017
Franklin,PA,175800,413,2017
Fulton,PA,156000,370,2017
Greene,PA,108600,217,2017
Huntingdon,PA,121900,275,2017
Indiana,PA,111200,229,2017
Jefferson,PA,96700,164,2017
Juniata,PA,143600,337,2017
Lackawanna,PA,149100,351,2017
Lancaster,PA,193200,432,2017
Lawrence,PA,102300,188,2017
Lebanon,PA,166600,396,2017
Lehigh,PA,196000,435,2017
Luzerne,PA,124100,283,2017
Lycoming,PA,147400,347,2017
McKean,PA,77100,54,2017
Mercer,PA,114100,242,2017
Mifflin,PA,103700,194,2017
Monroe,PA,167200,397,2017
Montgomery,PA,299300,490,2017
Montour,PA,173800,410,2017
Northampton,PA,209800,448,2017
Northumberland,PA,112300,234,2017
Perry,PA,164000,389,2017
Philadelphia,PA,151500,358,2017
Pike,PA,183400,421,2017
Potter,PA,103700,194,2017
Schuylkill,PA,96200,162,2017
Snyder,PA,154800,367,2017
Somerset,PA,103100,192,2017
Sullivan,PA,148500,350,2017
Susquehanna,PA,159100,378,2017
Tioga,PA,139400,326,2017
Union,PA,172200,407,2017
Venango,PA,85000,95,2017
Warren,PA,92200,139,2017
Washington,PA,158600,376,2017
Wayne,PA,174600,411,2017
Westmoreland,PA,144900,341,2017
Wyoming,PA,163500,388,2017
York,PA,170300,402,2017
Bristol,RI,341300,497,2017
Kent,RI,212600,450,2017
Newport,RI,362800,500,2017
Providence,RI,214400,451,2017
Washington,RI,320600,494,2017
Abbeville,SC,92600,141,2017
Aiken,SC,135900,316,2017
Allendale,SC,52100,4,2017
Anderson,SC,133900,312,2017
Bamberg,SC,65800,20,2017
Barnwell,SC,76200,51,2017
Beaufort,SC,283800,487,2017
Berkeley,SC,164900,391,2017
Calhoun,SC,103900,195,2017
Charleston,SC,273100,483,2017
Cherokee,SC,94300,151,2017
Chester,SC,88900,121,2017
Chesterfield,SC,81200,74,2017
Clarendon,SC,89900,127,2017
Colleton,SC,84600,92,2017
Darlington,SC,84800,93,2017
Dillon,SC,67200,24,2017
Dorchester,SC,177500,416,2017
Edgefield,SC,123000,279,2017
Fairfield,SC,101100,183,2017
Florence,SC,128400,296,2017
Georgetown,SC,178600,417,2017
Greenville,SC,165600,393,2017
Greenwood,SC,116300,252,2017
Hampton,SC,75400,48,2017
Horry,SC,166500,396,2017
Jasper,SC,130700,302,2017
Kershaw,SC,121200,273,2017
Lancaster,SC,169000,400,2017
Laurens,SC,87400,110,2017
Lee,SC,69800,30,2017
Lexington,SC,148400,349,2017
McCormick,SC,116600,255,2017
Marion,SC,75800,49,2017
Marlboro,SC,60500,11,2017
Newberry,SC,99700,178,2017
Oconee,SC,153300,362,2017
Orangeburg,SC,92700,142,2017
Pickens,SC,132300,307,2017
Richland,SC,154100,364,2017
Saluda,SC,93100,144,2017
Spartanburg,SC,128000,294,2017
Sumter,SC,113200,239,2017
Union,SC,75600,49,2017
Williamsburg,SC,68400,27,2017
York,SC,173600,410,2017
Aurora,SD,72300,37,2017
Beadle,SD,104800,198,2017
Bennett,SD,69000,28,2017
Bon Homme,SD,80400,69,2017
Brookings,SD,165100,392,2017
Brown,SD,152900,361,2017
Brule,SD,117100,257,2017
Buffalo,SD,51400,4,2017
Butte,SD,123900,282,2017
Campbell,SD,65900,21,2017
Charles Mix,SD,89900,127,2017
Clark,SD,81100,73,2017
Clay,SD,146400,344,2017
Codington,SD,166500,396,2017
Corson,SD,53300,5,2017
Custer,SD,202600,441,2017
Davison,SD,141000,331,2017
Day,SD,86000,101,2017
Deuel,SD,112700,237,2017
Dewey,SD,65700,20,2017
Douglas,SD,80800,71,2017
Edmunds,SD,114000,241,2017
Fall River,SD,116700,255,2017
Faulk,SD,85700,99,2017
Grant,SD,115800,250,2017
Gregory,SD,68600,27,2017
Haakon,SD,78100,59,2017
Hamlin,SD,117400,259,2017
Hand,SD,115100,247,2017
Hanson,SD,121300,273,2017
Harding,SD,82300,81,2017
Hughes,SD,173400,410,2017
Hutchinson,SD,81300,75,2017
Hyde,SD,88100,116,2017
Jackson,SD,55800,7,2017
Jerauld,SD,77700,58,2017
Jones,SD,77700,58,2017
Kingsbury,SD,105900,204,2017
Lake,SD,155200,368,2017
Lawrence,SD,189200,428,2017
Lincoln,SD,209700,447,2017
Lyman,SD,81700,77,2017
McCook,SD,120700,271,2017
McPherson,SD,54500,6,2017
Marshall,SD,106700,208,2017
Meade,SD,168400,399,2017
Mellette,SD,45300,1,2017
Miner,SD,82000,80,2017
Minnehaha,SD,166600,396,2017
Moody,SD,118900,264,2017
Oglala Lakota,SD,18700,0,2017
Pennington,SD,172400,407,2017
Perkins,SD,74300,45,2017
Potter,SD,81600,76,2017
Roberts,SD,95700,159,2017
Sanborn,SD,72800,39,2017
Spink,SD,77300,55,2017
Stanley,SD,158300,375,2017
Sully,SD,122300,276,2017
Todd,SD,38500,0,2017
Tripp,SD,85800,100,2017
Turner,SD,110400,225,2017
Union,SD,161300,382,2017
Walworth,SD,82400,82,2017
Yankton,SD,140400,329,2017
Ziebach,SD,57100,8,2017
Anderson,TN,134100,312,2017
Bedford,TN,129700,298,2017
Benton,TN,88700,119,2017
Bledsoe,TN,129600,298,2017
Blount,TN,169500,401,2017
Bradley,TN,150100,353,2017
Campbell,TN,92700,142,2017
Cannon,TN,151800,358,2017
Carroll,TN,86800,106,2017
Carter,TN,114600,245,2017
Cheatham,TN,170500,403,2017
Chester,TN,113800,240,2017
Claiborne,TN,102700,191,2017
Clay,TN,90300,129,2017
Cocke,TN,107200,210,2017
Coffee,TN,118000,261,2017
Crockett,TN,96700,164,2017
Cumberland,TN,140800,330,2017
Davidson,TN,194800,434,2017
Decatur,TN,91800,137,2017
DeKalb,TN,131100,304,2017
Dickson,TN,146300,344,2017
Dyer,TN,98100,171,2017
Fayette,TN,185000,423,2017
Fentress,TN,103700,194,2017
Franklin,TN,120600,270,2017
Gibson,TN,94800,154,2017
Giles,TN,120400,270,2017
Grainger,TN,110600,225,2017
Greene,TN,114600,245,2017
Grundy,TN,82400,82,2017
Hamblen,TN,131200,304,2017
Hamilton,TN,166100,394,2017
Hancock,TN,83500,87,2017
Hardeman,TN,85400,97,2017
Hardin,TN,107400,211,2017
Hawkins,TN,115400,249,2017
Haywood,TN,104300,196,2017
Henderson,TN,92700,142,2017
Henry,TN,97000,166,2017
Hickman,TN,104800,198,2017
Houston,TN,94900,155,2017
Humphreys,TN,103000,192,2017
Jackson,TN,107700,213,2017
Jefferson,TN,136700,319,2017
Johnson,TN,114100,242,2017
Knox,TN,169400,401,2017
Lake,TN,75100,47,2017
Lauderdale,TN,81000,72,2017
Lawrence,TN,98800,176,2017
Lewis,TN,88300,116,2017
Lincoln,TN,117500,259,2017
Loudon,TN,193000,432,2017
McMinn,TN,123700,281,2017
McNairy,TN,87500,111,2017
Macon,TN,111700,231,2017
Madison,TN,126100,289,2017
Marion,TN,121200,273,2017
Marshall,TN,119300,265,2017
Maury,TN,156000,370,2017
Meigs,TN,118400,262,2017
Monroe,TN,115200,248,2017
Montgomery,TN,153700,363,2017
Moore,TN,166000,394,2017
Morgan,TN,91600,136,2017
Obion,TN,87600,112,2017
Overton,TN,114700,246,2017
Perry,TN,84200,91,2017
Pickett,TN,129700,298,2017
Polk,TN,110900,227,2017
Putnam,TN,152800,361,2017
Rhea,TN,114200,242,2017
Roane,TN,135900,316,2017
Robertson,TN,163100,386,2017
Rutherford,TN,174200,411,2017
Scott,TN,86700,105,2017
Sequatchie,TN,138100,322,2017
Sevier,TN,164000,389,2017
Shelby,TN,135700,315,2017
Smith,TN,120700,271,2017
Stewart,TN,130400,301,2017
Sullivan,TN,130300,300,2017
Sumner,TN,194900,434,2017
Tipton,TN,142400,333,2017
Trousdale,TN,128000,294,2017
Unicoi,TN,121200,273,2017
Union,TN,114200,242,2017
Van Buren,TN,95000,155,2017
Warren,TN,108600,217,2017
Washington,TN,152800,361,2017
Wayne,TN,96400,162,2017
Weakley,TN,94300,151,2017
White,TN,97700,170,2017
Williamson,TN,388400,501,2017
Wilson,TN,227100,461,2017
Anderson,TX,91800,137,2017
Andrews,TX,126000,288,2017
Angelina,TX,97300,167,2017
Aransas,TX,158900,377,2017
Archer,TX,125600,287,2017
Armstrong,TX,128600,296,2017
Atascosa,TX,96100,161,2017
Austin,TX,175200,412,2017
Bailey,TX,68000,26,2017
Bandera,TX,165900,394,2017
Bastrop,TX,150300,354,2017
Baylor,TX,67200,24,2017
Bee,TX,78500,61,2017
Bell,TX,137100,319,2017
Bexar,TX,142300,333,2017
Blanco,TX,230800,463,2017
Borden,TX,106900,208,2017
Bosque,TX,106700,208,2017
Bowie,TX,109400,220,2017
Brazoria,TX,164300,390,2017
Brazos,TX,170500,403,2017
Brewster,TX,113400,239,2017
Briscoe,TX,65700,20,2017
Brooks,TX,61900,13,2017
Brown,TX,95100,156,2017
Burleson,TX,99500,178,2017
Burnet,TX,171100,404,2017
Caldwell,TX,124300,283,2017
Calhoun,TX,114900,246,2017
Callahan,TX,76500,52,2017
Cameron,TX,82500,83,2017
Camp,TX,83600,87,2017
Carson,TX,107800,213,2017
Cass,TX,86200,102,2017
Castro,TX,80300,68,2017
Chambers,TX,171500,405,2017
Cherokee,TX,98200,172,2017
Childress,TX,81000,72,2017
Clay,TX,87200,108,2017
Cochran,TX,33300,0,2017
Coke,TX,81800,78,2017
Coleman,TX,65900,21,2017
Collin,TX,265300,480,2017
Collingsworth,TX,55800,7,2017
Colorado,TX,116700,255,2017
Comal,TX,244100,471,2017
Comanche,TX,89600,126,2017
Concho,TX,109800,221,2017
Cooke,TX,144700,340,2017
Coryell,TX,107700,213,2017
Cottle,TX,44700,1,2017
Crane,TX,81500,76,2017
Crockett,TX,80600,70,2017
Crosby,TX,57500,9,2017
Culberson,TX,57000,8,2017
Dallam,TX,77000,54,2017
Dallas,TX,148300,349,2017
Dawson,TX,66400,22,2017
Deaf Smith,TX,88000,115,2017
Delta,TX,73100,40,2017
Denton,TX,232000,464,2017
DeWitt,TX,100000,180,2017
Dickens,TX,54200,6,2017
Dimmit,TX,65200,19,2017
Donley,TX,65100,18,2017
Duval,TX,48500,2,2017
Eastland,TX,59800,10,2017
Ector,TX,120800,271,2017
Edwards,TX,72800,39,2017
Ellis,TX,158200,375,2017
El Paso,TX,116600,255,2017
Erath,TX,128300,295,2017
Falls,TX,63000,16,2017
Fannin,TX,98200,172,2017
Fayette,TX,158700,376,2017
Fisher,TX,60500,11,2017
Floyd,TX,60500,11,2017
Foard,TX,47400,2,2017
Fort Bend,TX,233300,464,2017
Franklin,TX,130300,300,2017
Freestone,TX,86100,102,2017
Frio,TX,75900,50,2017
Gaines,TX,111000,228,2017
Galveston,TX,171600,406,2017
Garza,TX,77500,57,2017
Gillespie,TX,269900,482,2017
Glasscock,TX,193600,432,2017
Goliad,TX,130900,303,2017
Gonzales,TX,92900,143,2017
Gray,TX,71700,35,2017
Grayson,TX,116600,255,2017
Gregg,TX,130000,299,2017
Grimes,TX,110100,223,2017
Guadalupe,TX,175000,412,2017
Hale,TX,80200,68,2017
Hall,TX,48700,2,2017
Hamilton,TX,108500,217,2017
Hansford,TX,93500,146,2017
Hardeman,TX,38400,0,2017
Hardin,TX,113100,238,2017
Harris,TX,154100,364,2017
Harrison,TX,115100,247,2017
Hartley,TX,146900,345,2017
Haskell,TX,49200,3,2017
Hays,TX,204700,443,2017
Hemphill,TX,130700,302,2017
Henderson,TX,99000,177,2017
Hidalgo,TX,82400,82,2017
Hill,TX,93700,147,2017
Hockley,TX,82300,81,2017
Hood,TX,170800,403,2017
Hopkins,TX,97200,167,2017
Houston,TX,80200,68,2017
Howard,TX,85700,99,2017
Hudspeth,TX,44100,1,2017
Hunt,TX,105000,199,2017
Hutchinson,TX,75500,48,2017
Irion,TX,146400,344,2017
Jack,TX,81400,75,2017
Jackson,TX,96700,164,2017
Jasper,TX,97400,168,2017
Jeff Davis,TX,111300,230,2017
Jefferson,TX,101300,184,2017
Jim Hogg,TX,61800,13,2017
Jim Wells,TX,73800,44,2017
Johnson,TX,132000,306,2017
Jones,TX,73100,40,2017
Karnes,TX,94100,150,2017
Kaufman,TX,154000,364,2017
Kendall,TX,297700,489,2017
Kenedy,TX,21300,0,2017
Kent,TX,70500,32,2017
Kerr,TX,164000,389,2017
Kimble,TX,107200,210,2017
King,TX,38800,0,2017
Kinney,TX,64200,18,2017
Kleberg,TX,86800,106,2017
Knox,TX,44400,1,2017
Lamar,TX,88100,116,2017
Lamb,TX,62700,15,2017
Lampasas,TX,136800,319,2017
La Salle,TX,70800,33,2017
Lavaca,TX,143300,337,2017
Lee,TX,138300,323,2017
Leon,TX,102300,188,2017
Liberty,TX,93200,145,2017
Limestone,TX,84800,93,2017
Lipscomb,TX,92400,140,2017
Live Oak,TX,84900,94,2017
Llano,TX,184500,422,2017
Lubbock,TX,122700,277,2017
Lynn,TX,76800,53,2017
McCulloch,TX,82000,80,2017
McLennan,TX,125200,286,2017
McMullen,TX,74700,46,2017
Madison,TX,101700,186,2017
Marion,TX,88600,119,2017
Martin,TX,120500,270,2017
Mason,TX,156400,370,2017
Matagorda,TX,102200,188,2017
Maverick,TX,95100,156,2017
Medina,TX,134400,313,2017
Menard,TX,60800,11,2017
Midland,TX,187400,426,2017
Milam,TX,88500,117,2017
Mills,TX,111200,229,2017
Mitchell,TX,65700,20,2017
Montague,TX,107100,209,2017
Montgomery,TX,206400,445,2017
Moore,TX,106400,206,2017
Morris,TX,82300,81,2017
Motley,TX,57300,8,2017
Nacogdoches,TX,117700,260,2017
Navarro,TX,88900,121,2017
Newton,TX,73300,42,2017
Nolan,TX,66100,22,2017
Nueces,TX,122400,276,2017
Ochiltree,TX,102400,189,2017
Oldham,TX,87000,107,2017
Orange,TX,104700,198,2017
Palo Pinto,TX,88600,119,2017
Panola,TX,97200,167,2017
Parker,TX,180900,419,2017
Parmer,TX,86200,102,2017
Pecos,TX,68600,27,2017
Polk,TX,84900,94,2017
Potter,TX,89000,122,2017
Presidio,TX,50700,3,2017
Rains,TX,114000,241,2017
Randall,TX,157600,373,2017
Reagan,TX,88400,116,2017
Real,TX,105100,200,2017
Red River,TX,65200,19,2017
Reeves,TX,52900,5,2017
Refugio,TX,80800,71,2017
Roberts,TX,135700,315,2017
Robertson,TX,93900,149,2017
Rockwall,TX,225400,459,2017
Runnels,TX,76500,52,2017
Rusk,TX,111200,229,2017
Sabine,TX,92100,138,2017
San Augustine,TX,81900,79,2017
San Jacinto,TX,95900,160,2017
San Patricio,TX,105400,201,2017
San Saba,TX,97000,166,2017
Schleicher,TX,72900,40,2017
Scurry,TX,89800,126,2017
Shackelford,TX,78900,62,2017
Shelby,TX,73100,40,2017
Sherman,TX,86800,106,2017
Smith,TX,144800,340,2017
Somervell,TX,172200,407,2017
Starr,TX,67200,24,2017
Stephens,TX,73400,42,2017
Sterling,TX,66100,22,2017
Stonewall,TX,53700,6,2017
Sutton,TX,95500,158,2017
Swisher,TX,70800,33,2017
Tarrant,TX,158200,375,2017
Taylor,TX,112400,235,2017
Terrell,TX,66600,22,2017
Terry,TX,68000,26,2017
Throckmorton,TX,68600,27,2017
Titus,TX,96300,162,2017
Tom Green,TX,122600,277,2017
Travis,TX,275800,484,2017
Trinity,TX,75300,47,2017
Tyler,TX,81500,76,2017
Upshur,TX,111600,230,2017
Upton,TX,62900,15,2017
Uvalde,TX,77800,58,2017
Val Verde,TX,94500,152,2017
Van Zandt,TX,112600,236,2017
Victoria,TX,129100,297,2017
Walker,TX,132200,306,2017
Waller,TX,157600,373,2017
Ward,TX,85600,98,2017
Washington,TX,163400,387,2017
Webb,TX,115500,249,2017
Wharton,TX,115700,250,2017
Wheeler,TX,86500,104,2017
Wichita,TX,93200,145,2017
Wilbarger,TX,69900,31,2017
Willacy,TX,49100,3,2017
Williamson,TX,227100,461,2017
Wilson,TX,170600,403,2017
Winkler,TX,58200,9,2017
Wise,TX,141700,332,2017
Wood,TX,117000,257,2017
Yoakum,TX,81900,79,2017
Young,TX,87500,111,2017
Zapata,TX,60700,11,2017
Zavala,TX,39900,1,2017
Beaver,UT,147300,347,2017
Box Elder,UT,179600,418,2017
Cache,UT,202400,440,2017
Carbon,UT,129900,299,2017
Daggett,UT,202900,441,2017
Davis,UT,246500,472,2017
Duchesne,UT,178100,417,2017
Emery,UT,136200,317,2017
Garfield,UT,166300,395,2017
Grand,UT,230900,463,2017
Iron,UT,183100,421,2017
Juab,UT,175800,413,2017
Kane,UT,190200,429,2017
Millard,UT,150300,354,2017
Morgan,UT,311000,492,2017
Piute,UT,143800,337,2017
Rich,UT,160400,380,2017
Salt Lake,UT,260700,478,2017
San Juan,UT,136600,319,2017
Sanpete,UT,169400,401,2017
Sevier,UT,152800,361,2017
Summit,UT,558300,508,2017
Tooele,UT,196300,435,2017
Uintah,UT,194800,434,2017
Utah,UT,256900,477,2017
Wasatch,UT,357300,499,2017
Washington,UT,240300,468,2017
Wayne,UT,175800,413,2017
Weber,UT,183100,421,2017
Addison,VT,237000,466,2017
Bennington,VT,208600,447,2017
Caledonia,VT,164500,390,2017
Chittenden,VT,280000,485,2017
Essex,VT,128900,297,2017
Franklin,VT,209100,447,2017
Grand Isle,VT,274700,484,2017
Lamoille,VT,225200,459,2017
Orange,VT,188300,427,2017
Orleans,VT,161100,381,2017
Rutland,VT,177600,416,2017
Washington,VT,217200,453,2017
Windham,VT,212000,449,2017
Windsor,VT,216300,452,2017
Accomack,VA,157200,373,2017
Albemarle,VA,329600,495,2017
Alleghany,VA,113600,239,2017
Amelia,VA,185100,423,2017
Amherst,VA,151500,358,2017
Appomattox,VA,151700,358,2017
Arlington,VA,643300,510,2017
Augusta,VA,206300,444,2017
Bath,VA,151100,357,2017
Bedford,VA,198100,437,2017
Bland,VA,109300,220,2017
Botetourt,VA,220000,455,2017
Brunswick,VA,110900,227,2017
Buchanan,VA,71900,36,2017
Buckingham,VA,132500,308,2017
Campbell,VA,154300,365,2017
Caroline,VA,193200,432,2017
Carroll,VA,107300,211,2017
Charles City,VA,163000,386,2017
Charlotte,VA,107500,212,2017
Chesterfield,VA,224200,458,2017
Clarke,VA,333100,496,2017
Craig,VA,164800,391,2017
Culpeper,VA,266400,481,2017
Cumberland,VA,146600,344,2017
Dickenson,VA,77500,57,2017
Dinwiddie,VA,160100,379,2017
Essex,VA,177200,415,2017
Fairfax,VA,501900,507,2017
Fauquier,VA,370000,500,2017
Floyd,VA,153800,363,2017
Fluvanna,VA,228100,462,2017
Franklin,VA,186100,425,2017
Frederick,VA,239100,468,2017
Giles,VA,114500,243,2017
Gloucester,VA,224100,458,2017
Goochland,VA,327700,495,2017
Grayson,VA,95700,159,2017
Greene,VA,242500,470,2017
Greensville,VA,89400,124,2017
Halifax,VA,110800,226,2017
Hanover,VA,267600,481,2017
Henrico,VA,223900,457,2017
Henry,VA,94300,151,2017
Highland,VA,184000,422,2017
Isle of Wight,VA,249100,473,2017
James City,VA,328700,495,2017
King and Queen,VA,170000,402,2017
King George,VA,294300,489,2017
King William,VA,199700,439,2017
Lancaster,VA,226900,460,2017
Lee,VA,81700,77,2017
Loudoun,VA,475500,506,2017
Louisa,VA,212900,450,2017
Lunenburg,VA,108400,216,2017
Madison,VA,256500,476,2017
Mathews,VA,227200,461,2017
Mecklenburg,VA,125300,286,2017
Middlesex,VA,248400,473,2017
Montgomery,VA,213300,450,2017
Nelson,VA,231400,463,2017
New Kent,VA,256600,477,2017
Northampton,VA,165800,393,2017
Northumberland,VA,277900,485,2017
Nottoway,VA,134800,313,2017
Orange,VA,235200,465,2017
Page,VA,172200,407,2017
Patrick,VA,116000,251,2017
Pittsylvania,VA,113800,240,2017
Powhatan,VA,264300,480,2017
Prince Edward,VA,154800,367,2017
Prince George,VA,212100,449,2017
Prince William,VA,358300,500,2017
Pulaski,VA,139600,326,2017
Rappahannock,VA,358600,500,2017
Richmond,VA,209200,447,2017
Roanoke,VA,133700,311,2017
Rockbridge,VA,197200,436,2017
Rockingham,VA,206700,445,2017
Russell,VA,94900,155,2017
Scott,VA,90500,130,2017
Shenandoah,VA,204000,442,2017
Smyth,VA,89600,126,2017
Southampton,VA,172800,408,2017
Spotsylvania,VA,265600,480,2017
Stafford,VA,327600,494,2017
Surry,VA,172700,408,2017
Sussex,VA,121600,273,2017
Tazewell,VA,96500,163,2017
Warren,VA,231000,463,2017
Washington,VA,137200,320,2017
Westmoreland,VA,203100,441,2017
Wise,VA,84500,92,2017
Wythe,VA,127400,293,2017
York,VA,315400,493,2017
Alexandria,VA,537900,508,2017
Bristol,VA,114100,242,2017
Buena Vista,VA,111700,231,2017
Charlottesville,VA,277800,485,2017
Chesapeake,VA,260900,479,2017
Colonial Heights,VA,163300,387,2017
Covington,VA,72200,37,2017
Danville,VA,90900,133,2017
Emporia,VA,115700,250,2017
Falls Church,VA,742000,510,2017
Fredericksburg,VA,341200,497,2017
Galax,VA,105500,202,2017
Hampton,VA,186600,425,2017
Harrisonburg,VA,196200,435,2017
Hopewell,VA,122400,276,2017
Lexington,VA,252500,475,2017
Lynchburg,VA,153800,363,2017
Manassas,VA,307000,491,2017
Manassas Park,VA,263300,479,2017
Martinsville,VA,90100,127,2017
Newport News,VA,189300,428,2017
Norfolk,VA,194800,434,2017
Norton,VA,92500,141,2017
Petersburg,VA,112900,237,2017
Poquoson,VA,316800,493,2017
Portsmouth,VA,169400,401,2017
Radford,VA,160600,381,2017
Salem,VA,174000,411,2017
Staunton,VA,162500,385,2017
Suffolk,VA,238200,467,2017
Virginia Beach,VA,267300,481,2017
Waynesboro,VA,161600,383,2017
Williamsburg,VA,307000,491,2017
Winchester,VA,226200,460,2017
Adams,WA,150300,354,2017
Asotin,WA,176700,414,2017
Benton,WA,198600,438,2017
Chelan,WA,256400,476,2017
Clallam,WA,227400,461,2017
Clark,WA,272400,482,2017
Columbia,WA,161700,383,2017
Cowlitz,WA,186600,425,2017
Douglas,WA,229100,462,2017
Ferry,WA,165900,394,2017
Franklin,WA,177400,415,2017
Garfield,WA,143800,337,2017
Grant,WA,161700,383,2017
Grays Harbor,WA,161800,384,2017
Island,WA,311400,492,2017
Jefferson,WA,304000,491,2017
King,WA,446600,504,2017
Kitsap,WA,277500,484,2017
Kittitas,WA,256700,477,2017
Klickitat,WA,219200,454,2017
Lewis,WA,176000,413,2017
Lincoln,WA,150500,355,2017
Mason,WA,206700,445,2017
Okanogan,WA,169100,400,2017
Pacific,WA,163400,387,2017
Pend Oreille,WA,186000,424,2017
Pierce,WA,255800,476,2017
San Juan,WA,452300,505,2017
Skagit,WA,269100,482,2017
Skamania,WA,248500,473,2017
Snohomish,WA,338400,497,2017
Spokane,WA,195500,434,2017
Stevens,WA,184600,422,2017
Thurston,WA,255500,476,2017
Wahkiakum,WA,202600,441,2017
Walla Walla,WA,196300,435,2017
Whatcom,WA,299800,490,2017
Whitman,WA,199400,438,2017
Yakima,WA,163500,388,2017
Barbour,WV,101200,183,2017
Berkeley,WV,168200,399,2017
Boone,WV,71800,35,2017
Braxton,WV,91100,133,2017
Brooke,WV,91000,133,2017
Cabell,WV,119800,267,2017
Calhoun,WV,79900,66,2017
Clay,WV,79100,63,2017
Doddridge,WV,105900,204,2017
Fayette,WV,86400,103,2017
Gilmer,WV,91600,136,2017
Grant,WV,144600,339,2017
Greenbrier,WV,115400,249,2017
Hampshire,WV,136700,319,2017
Hancock,WV,89800,126,2017
Hardy,WV,121900,275,2017
Harrison,WV,110000,222,2017
Jackson,WV,113300,239,2017
Jefferson,WV,227300,461,2017
Kanawha,WV,111200,229,2017
Lewis,WV,98600,175,2017
Lincoln,WV,82000,80,2017
Logan,WV,85800,100,2017
McDowell,WV,34800,0,2017
Marion,WV,110100,223,2017
Marshall,WV,99800,179,2017
Mason,WV,78300,60,2017
Mercer,WV,89400,124,2017
Mineral,WV,129800,299,2017
Mingo,WV,71000,34,2017
Monongalia,WV,178200,417,2017
Monroe,WV,105700,203,2017
Morgan,WV,170600,403,2017
Nicholas,WV,88900,121,2017
Ohio,WV,114800,246,2017
Pendleton,WV,107900,213,2017
Pleasants,WV,104700,198,2017
Pocahontas,WV,117200,258,2017
Preston,WV,106600,207,2017
Putnam,WV,157500,373,2017
Raleigh,WV,105700,203,2017
Randolph,WV,99800,179,2017
Ritchie,WV,82100,80,2017
Roane,WV,92700,142,2017
Summers,WV,95100,156,2017
Taylor,WV,100200,181,2017
Tucker,WV,104300,196,2017
Tyler,WV,92400,140,2017
Upshur,WV,111900,232,2017
Wayne,WV,90600,131,2017
Webster,WV,68400,27,2017
Wetzel,WV,90700,131,2017
Wirt,WV,81400,75,2017
Wood,WV,115100,247,2017
Wyoming,WV,67900,25,2017
Adams,WI,127800,294,2017
Ashland,WI,107400,211,2017
Barron,WI,145500,341,2017
Bayfield,WI,163400,387,2017
Brown,WI,163200,386,2017
Buffalo,WI,150400,355,2017
Burnett,WI,150800,356,2017
Calumet,WI,168400,399,2017
Chippewa,WI,154900,367,2017
Clark,WI,117400,259,2017
Columbia,WI,180100,418,2017
Crawford,WI,127000,291,2017
Dane,WI,242700,470,2017
Dodge,WI,156200,370,2017
Door,WI,204700,443,2017
Douglas,WI,140400,329,2017
Dunn,WI,156700,371,2017
Eau Claire,WI,156200,370,2017
Florence,WI,132600,308,2017
Fond du Lac,WI,149400,352,2017
Forest,WI,131400,305,2017
Grant,WI,137200,320,2017
Green,WI,163600,388,2017
Green Lake,WI,139300,325,2017
Iowa,WI,171700,406,2017
Iron,WI,107200,210,2017
Jackson,WI,129400,298,2017
Jefferson,WI,177500,416,2017
Juneau,WI,120100,269,2017
Kenosha,WI,164100,389,2017
Kewaunee,WI,155900,369,2017
La Crosse,WI,161300,382,2017
Lafayette,WI,126600,290,2017
Langlade,WI,106200,205,2017
Lincoln,WI,135500,315,2017
Manitowoc,WI,126200,290,2017
Marathon,WI,147600,348,2017
Marinette,WI,116600,255,2017
Marquette,WI,144000,338,2017
Menominee,WI,85400,97,2017
Milwaukee,WI,150300,354,2017
Monroe,WI,144100,338,2017
Oconto,WI,156700,371,2017
Oneida,WI,165000,392,2017
Outagamie,WI,160100,379,2017
Ozaukee,WI,262100,479,2017
Pepin,WI,143800,337,2017
Pierce,WI,193300,432,2017
Polk,WI,158300,375,2017
Portage,WI,158800,377,2017
Price,WI,120000,268,2017
Racine,WI,165200,392,2017
Richland,WI,134400,313,2017
Rock,WI,135000,314,2017
Rusk,WI,106300,206,2017
St. Croix,WI,223000,457,2017
Sauk,WI,172500,408,2017
Sawyer,WI,161700,383,2017
Shawano,WI,135800,315,2017
Sheboygan,WI,149800,352,2017
Taylor,WI,129300,297,2017
Trempealeau,WI,147000,346,2017
Vernon,WI,148900,351,2017
Vilas,WI,206500,445,2017
Walworth,WI,192500,431,2017
Washburn,WI,147000,346,2017
Washington,WI,219600,454,2017
Waukesha,WI,262700,479,2017
Waupaca,WI,142300,333,2017
Waushara,WI,140500,330,2017
Winnebago,WI,147300,347,2017
Wood,WI,127700,294,2017
Albany,WY,223000,457,2017
Big Horn,WY,151900,359,2017
Campbell,WY,213900,451,2017
Carbon,WY,158600,376,2017
Converse,WY,197200,436,2017
Crook,WY,219000,454,2017
Fremont,WY,189700,428,2017
Goshen,WY,154900,367,2017
Hot Springs,WY,147700,348,2017
Johnson,WY,255200,475,2017
Laramie,WY,202800,441,2017
Lincoln,WY,205900,444,2017
Natrona,WY,198600,438,2017
Niobrara,WY,152500,360,2017
Park,WY,236200,466,2017
Platte,WY,169900,402,2017
Sheridan,WY,240900,469,2017
Sublette,WY,264800,480,2017
Sweetwater,WY,201000,439,2017
Teton,WY,739100,510,2017
Uinta,WY,178400,417,2017
Washakie,WY,165500,393,2017
Weston,WY,180100,418,2017
Adjuntas,,81700,77,2017
Aguada,,87500,111,2017
Aguadilla,,119700,267,2017
Aguas Buenas,,115000,246,2017
Aibonito,,109300,220,2017
Aasco,,91200,134,2017
Arecibo,,96600,163,2017
Arroyo,,87700,113,2017
Barceloneta,,101900,186,2017
Barranquitas,,90600,131,2017
Bayamn,,138200,322,2017
Cabo Rojo,,114100,242,2017
Caguas,,133300,310,2017
Camuy,,108300,215,2017
Canvanas,,115900,251,2017
Carolina,,146400,344,2017
Catao,,125000,285,2017
Cayey,,119500,266,2017
Ceiba,,94000,150,2017
Ciales,,93400,145,2017
Cidra,,117500,259,2017
Coamo,,88300,116,2017
Comero,,87800,114,2017
Corozal,,88900,121,2017
Culebra,,89600,126,2017
Dorado,,143300,337,2017
Fajardo,,102300,188,2017
Florida,,94500,152,2017
Gunica,,87700,113,2017
Guayama,,90800,132,2017
Guayanilla,,82100,80,2017
Guaynabo,,191200,430,2017
Gurabo,,147500,347,2017
Hatillo,,97500,169,2017
Hormigueros,,104700,198,2017
Humacao,,97300,167,2017
Isabela,,103100,192,2017
Jayuya,,90700,131,2017
Juana Daz,,93300,145,2017
Juncos,,112800,237,2017
Lajas,,91400,135,2017
Lares,,86400,103,2017
Las Maras,,73100,40,2017
Las Piedras,,115600,250,2017
Loza,,105200,200,2017
Luquillo,,109200,219,2017
Manat,,106600,207,2017
Maricao,,92900,143,2017
Maunabo,,91000,133,2017
Mayagez,,99800,179,2017
Moca,,97300,167,2017
Morovis,,98000,171,2017
Naguabo,,91900,138,2017
Naranjito,,94500,152,2017
Orocovis,,89300,123,2017
Patillas,,94800,154,2017
Peuelas,,76600,53,2017
Ponce,,98600,175,2017
Quebradillas,,109600,220,2017
Rincn,,122200,275,2017
Ro Grande,,114300,243,2017
Sabana Grande,,95800,159,2017
Salinas,,85900,101,2017
San Germn,,94800,154,2017
San Juan,,158000,374,2017
San Lorenzo,,111000,228,2017
San Sebastin,,99900,180,2017
Santa Isabel,,92800,143,2017
Toa Alta,,142800,334,2017
Toa Baja,,131000,303,2017
Trujillo Alto,,152400,360,2017
Utuado,,93500,146,2017
Vega Alta,,118500,263,2017
Vega Baja,,115100,247,2017
Vieques,,108100,214,2017
Villalba,,93800,148,2017
Yabucoa,,87800,114,2017
Yauco,,91500,135,2017
