county,state,medianHomeValue,medianHomeValueBucket,year
Autauga,AL,161200,339,2020
Baldwin,AL,211600,418,2020
Barbour,AL,86500,66,2020
Bibb,AL,96400,108,2020
Blount,AL,135300,265,2020
Bullock,AL,74800,24,2020
Butler,AL,98100,116,2020
Calhoun,AL,121600,218,2020
Chambers,AL,103800,141,2020
Cherokee,AL,138500,273,2020
Chilton,AL,104500,144,2020
Choctaw,AL,75900,28,2020
Clarke,AL,106600,152,2020
Clay,AL,116100,196,2020
Cleburne,AL,118700,204,2020
Coffee,AL,153700,318,2020
Colbert,AL,125400,234,2020
Conecuh,AL,83900,55,2020
Coosa,AL,89200,79,2020
Covington,AL,99600,123,2020
Crenshaw,AL,84400,57,2020
Cullman,AL,135200,265,2020
Dale,AL,113800,185,2020
Dallas,AL,84100,56,2020
DeKalb,AL,113600,184,2020
Elmore,AL,171100,363,2020
Escambia,AL,100800,128,2020
Etowah,AL,124400,229,2020
Fayette,AL,92400,92,2020
Franklin,AL,103000,137,2020
Geneva,AL,108400,161,2020
Greene,AL,76200,29,2020
Hale,AL,91500,88,2020
Henry,AL,119000,206,2020
Houston,AL,141800,285,2020
Jackson,AL,107900,159,2020
Jefferson,AL,165000,350,2020
Lamar,AL,95400,104,2020
Lauderdale,AL,149500,302,2020
Lawrence,AL,113800,185,2020
Lee,AL,173700,370,2020
Limestone,AL,167800,356,2020
Lowndes,AL,66500,11,2020
Macon,AL,82400,48,2020
Madison,AL,190200,394,2020
Marengo,AL,82200,48,2020
Marion,AL,87700,73,2020
Marshall,AL,141300,283,2020
Mobile,AL,138400,273,2020
Monroe,AL,100900,129,2020
Montgomery,AL,130000,250,2020
Morgan,AL,143900,289,2020
Perry,AL,80100,40,2020
Pickens,AL,100000,125,2020
Pike,AL,131600,255,2020
Randolph,AL,119500,207,2020
Russell,AL,126300,237,2020
St. Clair,AL,165900,351,2020
Shelby,AL,220700,428,2020
Sumter,AL,67300,12,2020
Talladega,AL,112300,179,2020
Tallapoosa,AL,108300,161,2020
Tuscaloosa,AL,179000,378,2020
Walker,AL,109600,168,2020
Washington,AL,88100,74,2020
Wilcox,AL,67200,12,2020
Winston,AL,87300,71,2020
Aleutians East,AK,136700,268,2020
Aleutians West,AK,316700,482,2020
Anchorage,AK,320100,483,2020
Bethel,AK,88700,76,2020
Bristol Bay,AK,222200,430,2020
Chugach,AK,234300,441,2020
Copper River,AK,234500,441,2020
Denali,AK,233700,441,2020
Dillingham,AK,156000,324,2020
Fairbanks North Star,AK,240300,447,2020
Haines,AK,263900,461,2020
Hoonah-Angoon,AK,221600,429,2020
Juneau City,AK,355100,490,2020
Kenai Peninsula,AK,245400,451,2020
Ketchikan Gateway,AK,299500,477,2020
Kodiak,AK,295100,476,2020
Kusilvak,AK,72800,20,2020
Lake and Peninsula,AK,120500,213,2020
Matanuska-Susitna,AK,257900,458,2020
Nome,AK,159600,334,2020
North Slope,AK,162500,343,2020
Northwest Arctic,AK,125800,235,2020
Petersburg,AK,228400,435,2020
Prince of Wales-Hyder,AK,191600,395,2020
Sitka City,AK,365800,492,2020
Skagway,AK,397200,497,2020
Southeast Fairbanks,AK,179300,379,2020
Wrangell City,AK,221700,429,2020
Yakutat City,AK,171200,364,2020
Yukon-Koyukuk,AK,74700,24,2020
Apache,AZ,61800,6,2020
Cochise,AZ,150100,304,2020
Coconino,AZ,299100,477,2020
Gila,AZ,174300,372,2020
Graham,AZ,146600,295,2020
Greenlee,AZ,91800,90,2020
La Paz,AZ,84600,58,2020
Maricopa,AZ,278700,468,2020
Mohave,AZ,172100,366,2020
Navajo,AZ,135800,267,2020
Pima,AZ,199400,405,2020
Pinal,AZ,200200,406,2020
Santa Cruz,AZ,152700,315,2020
Yavapai,AZ,273300,466,2020
Yuma,AZ,139200,276,2020
Arkansas,AR,98600,119,2020
Ashley,AR,76200,29,2020
Baxter,AR,134500,262,2020
Benton,AR,192900,396,2020
Boone,AR,127200,241,2020
Bradley,AR,87600,73,2020
Calhoun,AR,73100,20,2020
Carroll,AR,143600,289,2020
Chicot,AR,68000,13,2020
Clark,AR,116100,196,2020
Clay,AR,79600,39,2020
Cleburne,AR,126400,238,2020
Cleveland,AR,90400,84,2020
Columbia,AR,87700,73,2020
Conway,AR,113500,183,2020
Craighead,AR,149700,303,2020
Crawford,AR,123800,227,2020
Crittenden,AR,122700,223,2020
Cross,AR,83800,54,2020
Dallas,AR,78200,35,2020
Desha,AR,82500,49,2020
Drew,AR,102300,134,2020
Faulkner,AR,163900,347,2020
Franklin,AR,96900,110,2020
Fulton,AR,84400,57,2020
Garland,AR,142100,286,2020
Grant,AR,122600,222,2020
Greene,AR,124800,231,2020
Hempstead,AR,87700,73,2020
Hot Spring,AR,102400,135,2020
Howard,AR,101000,129,2020
Independence,AR,97900,116,2020
Izard,AR,81900,47,2020
Jackson,AR,71300,17,2020
Jefferson,AR,84900,59,2020
Johnson,AR,107600,157,2020
Lafayette,AR,60800,5,2020
Lawrence,AR,75400,26,2020
Lee,AR,76400,29,2020
Lincoln,AR,90600,85,2020
Little River,AR,77400,32,2020
Logan,AR,100500,127,2020
Lonoke,AR,145000,292,2020
Madison,AR,116000,195,2020
Marion,AR,132200,257,2020
Miller,AR,113400,183,2020
Mississippi,AR,93000,95,2020
Monroe,AR,73500,21,2020
Montgomery,AR,111600,177,2020
Nevada,AR,66400,11,2020
Newton,AR,127100,240,2020
Ouachita,AR,76900,31,2020
Perry,AR,115000,190,2020
Phillips,AR,80800,42,2020
Pike,AR,86100,65,2020
Poinsett,AR,81200,44,2020
Polk,AR,103700,140,2020
Pope,AR,129000,246,2020
Prairie,AR,71800,18,2020
Pulaski,AR,161000,338,2020
Randolph,AR,92500,93,2020
St. Francis,AR,65200,10,2020
Saline,AR,159300,333,2020
Scott,AR,81900,47,2020
Searcy,AR,99000,121,2020
Sebastian,AR,129300,247,2020
Sevier,AR,95000,103,2020
Sharp,AR,75200,25,2020
Stone,AR,135800,267,2020
Union,AR,89700,81,2020
Van Buren,AR,105500,147,2020
Washington,AR,184300,386,2020
White,AR,125300,233,2020
Woodruff,AR,74300,23,2020
Yell,AR,110300,171,2020
Alameda,CA,825300,510,2020
Alpine,CA,372500,494,2020
Amador,CA,329300,485,2020
Butte,CA,304700,479,2020
Calaveras,CA,340000,488,2020
Colusa,CA,274100,467,2020
Contra Costa,CA,655500,508,2020
Del Norte,CA,227500,435,2020
El Dorado,CA,479800,503,2020
Fresno,CA,271000,465,2020
Glenn,CA,242200,448,2020
Humboldt,CA,331300,486,2020
Imperial,CA,206700,413,2020
Inyo,CA,258200,459,2020
Kern,CA,226600,434,2020
Kings,CA,227400,435,2020
Lake,CA,238000,444,2020
Lassen,CA,207800,414,2020
Los Angeles,CA,615500,508,2020
Madera,CA,268500,464,2020
Marin,CA,1053600,511,2020
Mariposa,CA,290200,473,2020
Mendocino,CA,388500,497,2020
Merced,CA,268800,465,2020
Modoc,CA,153600,317,2020
Mono,CA,385500,496,2020
Monterey,CA,559400,506,2020
Napa,CA,666900,509,2020
Nevada,CA,446100,501,2020
Orange,CA,703800,509,2020
Placer,CA,495900,504,2020
Plumas,CA,259300,460,2020
Riverside,CA,368100,493,2020
Sacramento,CA,373000,494,2020
San Benito,CA,588500,506,2020
San Bernardino,CA,348500,489,2020
San Diego,CA,595600,507,2020
San Francisco,CA,1152300,511,2020
San Joaquin,CA,367900,493,2020
San Luis Obispo,CA,605200,507,2020
San Mateo,CA,1163100,511,2020
Santa Barbara,CA,610300,508,2020
Santa Clara,CA,1061900,511,2020
Santa Cruz,CA,787000,510,2020
Shasta,CA,261000,460,2020
Sierra,CA,229400,436,2020
Siskiyou,CA,214300,421,2020
Solano,CA,437900,501,2020
Sonoma,CA,640000,508,2020
Stanislaus,CA,314100,481,2020
Sutter,CA,306000,479,2020
Tehama,CA,231500,439,2020
Trinity,CA,285700,471,2020
Tulare,CA,223600,431,2020
Tuolumne,CA,314300,482,2020
Ventura,CA,609200,508,2020
Yolo,CA,456800,502,2020
Yuba,CA,273600,466,2020
Adams,CO,335800,487,2020
Alamosa,CO,153700,318,2020
Arapahoe,CO,385100,496,2020
Archuleta,CO,331900,486,2020
Baca,CO,98800,120,2020
Bent,CO,82500,49,2020
Boulder,CO,539100,505,2020
Broomfield,CO,450600,502,2020
Chaffee,CO,387300,496,2020
Cheyenne,CO,141700,284,2020
Clear Creek,CO,399000,498,2020
Conejos,CO,123000,224,2020
Costilla,CO,123600,226,2020
Crowley,CO,82900,51,2020
Custer,CO,249900,454,2020
Delta,CO,253500,456,2020
Denver,CO,427600,500,2020
Dolores,CO,167700,356,2020
Douglas,CO,493500,504,2020
Eagle,CO,617200,508,2020
Elbert,CO,492300,504,2020
El Paso,CO,300200,478,2020
Fremont,CO,197500,403,2020
Garfield,CO,375600,494,2020
Gilpin,CO,387000,496,2020
Grand,CO,347400,489,2020
Gunnison,CO,381900,495,2020
Hinsdale,CO,325000,484,2020
Huerfano,CO,183100,383,2020
Jackson,CO,211500,418,2020
Jefferson,CO,433100,500,2020
Kiowa,CO,85900,64,2020
Kit Carson,CO,127800,242,2020
Lake,CO,258200,459,2020
La Plata,CO,415900,499,2020
Larimer,CO,390600,497,2020
Las Animas,CO,158600,331,2020
Lincoln,CO,157500,328,2020
Logan,CO,161800,341,2020
Mesa,CO,245000,450,2020
Mineral,CO,329300,485,2020
Moffat,CO,190600,394,2020
Montezuma,CO,238200,444,2020
Montrose,CO,242300,448,2020
Morgan,CO,217200,424,2020
Otero,CO,101000,129,2020
Ouray,CO,486200,503,2020
Park,CO,367400,493,2020
Phillips,CO,191200,395,2020
Pitkin,CO,599000,507,2020
Prowers,CO,108800,163,2020
Pueblo,CO,172500,366,2020
Rio Blanco,CO,218500,425,2020
Rio Grande,CO,186700,390,2020
Routt,CO,534100,504,2020
Saguache,CO,152400,313,2020
San Juan,CO,348700,490,2020
San Miguel,CO,448900,501,2020
Sedgwick,CO,111300,176,2020
Summit,CO,596300,507,2020
Teller,CO,304800,479,2020
Washington,CO,162200,342,2020
Weld,CO,326100,484,2020
Yuma,CO,190400,394,2020
Fairfield,CT,433000,500,2020
Hartford,CT,242900,448,2020
Litchfield,CT,258300,459,2020
Middlesex,CT,293300,475,2020
New Haven,CT,252300,455,2020
New London,CT,246800,452,2020
Tolland,CT,259700,460,2020
Windham,CT,210300,417,2020
Kent,DE,226600,434,2020
New Castle,DE,266500,463,2020
Sussex,DE,269700,465,2020
District of,,618100,508,2020
Alachua,FL,201600,408,2020
Baker,FL,158000,329,2020
Bay,FL,195000,400,2020
Bradford,FL,118900,205,2020
Brevard,FL,220000,427,2020
Broward,FL,282400,469,2020
Calhoun,FL,91100,87,2020
Charlotte,FL,209500,416,2020
Citrus,FL,144100,290,2020
Clay,FL,195900,401,2020
Collier,FL,366600,493,2020
Columbia,FL,128800,245,2020
DeSoto,FL,103600,139,2020
Dixie,FL,85000,59,2020
Duval,FL,195600,401,2020
Escambia,FL,157200,327,2020
Flagler,FL,232700,440,2020
Franklin,FL,193800,397,2020
Gadsden,FL,98100,116,2020
Gilchrist,FL,125900,235,2020
Glades,FL,72100,19,2020
Gulf,FL,170700,362,2020
Hamilton,FL,85900,64,2020
Hardee,FL,94100,100,2020
Hendry,FL,105900,149,2020
Hernando,FL,158400,330,2020
Highlands,FL,120500,213,2020
Hillsborough,FL,233200,440,2020
Holmes,FL,86400,66,2020
Indian River,FL,220700,428,2020
Jackson,FL,101300,131,2020
Jefferson,FL,137300,270,2020
Lafayette,FL,100600,127,2020
Lake,FL,202500,409,2020
Lee,FL,235300,442,2020
Leon,FL,212900,420,2020
Levy,FL,119000,206,2020
Liberty,FL,83700,54,2020
Madison,FL,89100,78,2020
Manatee,FL,250700,454,2020
Marion,FL,151700,310,2020
Martin,FL,293000,475,2020
Miami-Dade,FL,310700,481,2020
Monroe,FL,558100,506,2020
Nassau,FL,243700,449,2020
Okaloosa,FL,234600,442,2020
Okeechobee,FL,116500,197,2020
Orange,FL,257800,458,2020
Osceola,FL,221600,429,2020
Palm Beach,FL,301000,478,2020
Pasco,FL,173900,371,2020
Pinellas,FL,219800,427,2020
Polk,FL,162400,343,2020
Putnam,FL,103400,138,2020
St. Johns,FL,326300,485,2020
St. Lucie,FL,209700,416,2020
Santa Rosa,FL,214900,422,2020
Sarasota,FL,269300,465,2020
Seminole,FL,263700,461,2020
Sumter,FL,267100,464,2020
Suwannee,FL,107100,154,2020
Taylor,FL,81900,47,2020
Union,FL,112600,180,2020
Volusia,FL,194900,399,2020
Wakulla,FL,171200,364,2020
Walton,FL,245400,451,2020
Washington,FL,120800,215,2020
Appling,GA,87100,70,2020
Atkinson,GA,63400,8,2020
Bacon,GA,82300,48,2020
Baker,GA,108100,159,2020
Baldwin,GA,128800,245,2020
Banks,GA,164500,349,2020
Barrow,GA,169900,360,2020
Bartow,GA,178500,377,2020
Ben Hill,GA,85500,61,2020
Berrien,GA,95200,104,2020
Bibb,GA,125300,233,2020
Bleckley,GA,101900,133,2020
Brantley,GA,92800,94,2020
Brooks,GA,94200,100,2020
Bryan,GA,227400,435,2020
Bulloch,GA,147100,297,2020
Burke,GA,89900,82,2020
Butts,GA,156700,326,2020
Calhoun,GA,48700,1,2020
Camden,GA,171400,364,2020
Candler,GA,89800,82,2020
Carroll,GA,147400,298,2020
Catoosa,GA,151300,309,2020
Charlton,GA,87200,70,2020
Chatham,GA,209200,415,2020
Chattahoochee,GA,82000,47,2020
Chattooga,GA,77200,32,2020
Cherokee,GA,271300,466,2020
Clarke,GA,186800,390,2020
Clay,GA,70500,17,2020
Clayton,GA,122100,220,2020
Clinch,GA,71800,18,2020
Cobb,GA,273900,467,2020
Coffee,GA,106400,152,2020
Colquitt,GA,92600,93,2020
Columbia,GA,215200,422,2020
Cook,GA,93400,97,2020
Coweta,GA,225000,433,2020
Crawford,GA,121500,217,2020
Crisp,GA,83100,51,2020
Dade,GA,128500,244,2020
Dawson,GA,241900,447,2020
Decatur,GA,115000,190,2020
DeKalb,GA,235300,442,2020
Dodge,GA,86600,67,2020
Dooly,GA,81400,45,2020
Dougherty,GA,106200,151,2020
Douglas,GA,171300,364,2020
Early,GA,120700,214,2020
Echols,GA,76000,28,2020
Effingham,GA,170600,361,2020
Elbert,GA,87400,71,2020
Emanuel,GA,74700,24,2020
Evans,GA,97700,114,2020
Fannin,GA,206900,414,2020
Fayette,GA,293400,475,2020
Floyd,GA,137600,271,2020
Forsyth,GA,362300,491,2020
Franklin,GA,120500,213,2020
Fulton,GA,326700,485,2020
Gilmer,GA,205800,412,2020
Glascock,GA,82600,49,2020
Glynn,GA,194300,398,2020
Gordon,GA,148300,299,2020
Grady,GA,121700,218,2020
Greene,GA,241300,447,2020
Gwinnett,GA,235700,443,2020
Habersham,GA,155200,322,2020
Hall,GA,212700,420,2020
Hancock,GA,80400,41,2020
Haralson,GA,144200,290,2020
Harris,GA,230400,438,2020
Hart,GA,149100,301,2020
Heard,GA,114500,187,2020
Henry,GA,189600,393,2020
Houston,GA,157200,327,2020
Irwin,GA,83200,52,2020
Jackson,GA,210100,416,2020
Jasper,GA,145000,292,2020
Jeff Davis,GA,85900,64,2020
Jefferson,GA,85600,62,2020
Jenkins,GA,61300,6,2020
Johnson,GA,68900,14,2020
Jones,GA,149700,303,2020
Lamar,GA,145800,294,2020
Lanier,GA,117800,201,2020
Laurens,GA,99600,123,2020
Lee,GA,166900,354,2020
Liberty,GA,133700,261,2020
Lincoln,GA,132300,257,2020
Long,GA,129800,249,2020
Lowndes,GA,145900,294,2020
Lumpkin,GA,199100,405,2020
McDuffie,GA,115100,190,2020
McIntosh,GA,152700,315,2020
Macon,GA,68600,13,2020
Madison,GA,143200,288,2020
Marion,GA,109400,166,2020
Meriwether,GA,112500,180,2020
Miller,GA,99400,122,2020
Mitchell,GA,94200,100,2020
Monroe,GA,175000,373,2020
Montgomery,GA,92200,92,2020
Morgan,GA,230400,438,2020
Murray,GA,122100,220,2020
Muscogee,GA,142900,287,2020
Newton,GA,159200,332,2020
Oconee,GA,304400,479,2020
Oglethorpe,GA,133200,260,2020
Paulding,GA,184000,385,2020
Peach,GA,140100,280,2020
Pickens,GA,196400,401,2020
Pierce,GA,101700,132,2020
Pike,GA,181700,382,2020
Polk,GA,121900,219,2020
Pulaski,GA,109500,167,2020
Putnam,GA,165800,351,2020
Quitman,GA,70200,16,2020
Rabun,GA,185500,387,2020
Randolph,GA,76100,28,2020
Richmond,GA,115300,191,2020
Rockdale,GA,170100,360,2020
Schley,GA,134800,263,2020
Screven,GA,85700,62,2020
Seminole,GA,92100,91,2020
Spalding,GA,134800,263,2020
Stephens,GA,123800,227,2020
Stewart,GA,44100,1,2020
Sumter,GA,122000,220,2020
Talbot,GA,98800,120,2020
Taliaferro,GA,63500,8,2020
Tattnall,GA,89800,82,2020
Taylor,GA,87100,70,2020
Telfair,GA,69300,14,2020
Terrell,GA,93400,97,2020
Thomas,GA,150300,305,2020
Tift,GA,123000,224,2020
Toombs,GA,97800,115,2020
Towns,GA,241900,447,2020
Treutlen,GA,71900,19,2020
Troup,GA,138300,272,2020
Turner,GA,73600,21,2020
Twiggs,GA,71800,18,2020
Union,GA,199000,405,2020
Upson,GA,102800,137,2020
Walker,GA,121600,218,2020
Walton,GA,210500,417,2020
Ware,GA,86800,68,2020
Warren,GA,64600,9,2020
Washington,GA,92500,93,2020
Wayne,GA,116000,195,2020
Webster,GA,69700,15,2020
Wheeler,GA,55500,3,2020
White,GA,182700,383,2020
Whitfield,GA,142800,287,2020
Wilcox,GA,62000,7,2020
Wilkes,GA,79000,38,2020
Wilkinson,GA,70100,16,2020
Worth,GA,93400,97,2020
Hawaii,HI,364100,492,2020
Honolulu,HI,702300,509,2020
Kauai,HI,606900,507,2020
Maui,HI,657400,509,2020
Ada,ID,298600,477,2020
Adams,ID,228500,435,2020
Bannock,ID,167300,354,2020
Bear Lake,ID,154500,320,2020
Benewah,ID,177500,375,2020
Bingham,ID,168200,357,2020
Blaine,ID,458100,502,2020
Boise,ID,234900,442,2020
Bonner,ID,275700,467,2020
Bonneville,ID,202100,409,2020
Boundary,ID,235000,442,2020
Butte,ID,146600,295,2020
Camas,ID,164900,349,2020
Canyon,ID,211600,418,2020
Caribou,ID,151100,307,2020
Cassia,ID,168400,358,2020
Clark,ID,122900,223,2020
Clearwater,ID,167700,356,2020
Custer,ID,216700,423,2020
Elmore,ID,164400,349,2020
Franklin,ID,222200,430,2020
Fremont,ID,168400,358,2020
Gem,ID,198700,405,2020
Gooding,ID,156500,326,2020
Idaho,ID,197200,402,2020
Jefferson,ID,223900,431,2020
Jerome,ID,178300,376,2020
Kootenai,ID,294100,475,2020
Latah,ID,245200,450,2020
Lemhi,ID,192100,395,2020
Lewis,ID,150000,303,2020
Lincoln,ID,152500,313,2020
Madison,ID,229800,436,2020
Minidoka,ID,155600,323,2020
Nez Perce,ID,205600,411,2020
Oneida,ID,182700,383,2020
Owyhee,ID,160900,338,2020
Payette,ID,183600,385,2020
Power,ID,149100,301,2020
Shoshone,ID,133000,259,2020
Teton,ID,358100,491,2020
Twin Falls,ID,182100,382,2020
Valley,ID,306900,480,2020
Washington,ID,163000,345,2020
Adams,IL,130500,251,2020
Alexander,IL,56100,3,2020
Bond,IL,116900,198,2020
Boone,IL,160600,336,2020
Brown,IL,99800,124,2020
Bureau,IL,103900,142,2020
Calhoun,IL,131800,256,2020
Carroll,IL,102200,134,2020
Cass,IL,81700,45,2020
Champaign,IL,166600,353,2020
Christian,IL,93200,95,2020
Clark,IL,94900,102,2020
Clay,IL,84400,57,2020
Clinton,IL,145700,293,2020
Coles,IL,105100,145,2020
Cook,IL,255500,457,2020
Crawford,IL,94100,100,2020
Cumberland,IL,106300,151,2020
DeKalb,IL,182300,382,2020
De Witt,IL,103600,139,2020
Douglas,IL,120500,213,2020
DuPage,IL,315600,482,2020
Edgar,IL,82800,50,2020
Edwards,IL,81000,43,2020
Effingham,IL,151700,310,2020
Fayette,IL,93200,95,2020
Ford,IL,98600,119,2020
Franklin,IL,77000,31,2020
Fulton,IL,92600,93,2020
Gallatin,IL,76400,29,2020
Greene,IL,83400,52,2020
Grundy,IL,199800,406,2020
Hamilton,IL,104900,145,2020
Hancock,IL,88500,75,2020
Hardin,IL,77500,33,2020
Henderson,IL,85800,63,2020
Henry,IL,122200,220,2020
Iroquois,IL,107300,154,2020
Jackson,IL,114300,187,2020
Jasper,IL,99900,125,2020
Jefferson,IL,97100,112,2020
Jersey,IL,148800,300,2020
Jo Daviess,IL,156300,325,2020
Johnson,IL,117500,200,2020
Kane,IL,245500,451,2020
Kankakee,IL,152800,315,2020
Kendall,IL,243700,449,2020
Knox,IL,83700,54,2020
Lake,IL,271700,466,2020
LaSalle,IL,130600,251,2020
Lawrence,IL,80500,41,2020
Lee,IL,122600,222,2020
Livingston,IL,114000,186,2020
Logan,IL,107600,157,2020
McDonough,IL,91700,89,2020
McHenry,IL,234000,441,2020
McLean,IL,166400,352,2020
Macon,IL,103100,138,2020
Macoupin,IL,102900,137,2020
Madison,IL,138500,273,2020
Marion,IL,81600,45,2020
Marshall,IL,105700,148,2020
Mason,IL,87600,73,2020
Massac,IL,88500,75,2020
Menard,IL,151900,311,2020
Mercer,IL,111000,174,2020
Monroe,IL,220600,428,2020
Montgomery,IL,90300,84,2020
Morgan,IL,109700,169,2020
Moultrie,IL,108300,161,2020
Ogle,IL,150400,305,2020
Peoria,IL,130700,252,2020
Perry,IL,85700,62,2020
Piatt,IL,143000,288,2020
Pike,IL,83500,52,2020
Pope,IL,114600,188,2020
Pulaski,IL,61300,6,2020
Putnam,IL,134800,263,2020
Randolph,IL,110900,173,2020
Richland,IL,88800,77,2020
Rock Island,IL,123100,224,2020
St. Clair,IL,134800,263,2020
Saline,IL,77900,34,2020
Sangamon,IL,144100,290,2020
Schuyler,IL,96900,110,2020
Scott,IL,91800,90,2020
Shelby,IL,105500,147,2020
Stark,IL,87500,72,2020
Stephenson,IL,99600,123,2020
Tazewell,IL,142300,286,2020
Union,IL,110500,172,2020
Vermilion,IL,80900,43,2020
Wabash,IL,80900,43,2020
Warren,IL,86900,68,2020
Washington,IL,117400,200,2020
Wayne,IL,89000,78,2020
White,IL,75400,26,2020
Whiteside,IL,107800,158,2020
Will,IL,239400,446,2020
Williamson,IL,120900,215,2020
Winnebago,IL,121400,217,2020
Woodford,IL,170800,362,2020
Adams,IN,142100,286,2020
Allen,IN,136700,268,2020
Bartholomew,IN,163400,346,2020
Benton,IN,98900,120,2020
Blackford,IN,73500,21,2020
Boone,IN,245200,450,2020
Brown,IN,206600,413,2020
Carroll,IN,133600,260,2020
Cass,IN,91500,88,2020
Clark,IN,152000,312,2020
Clay,IN,104200,143,2020
Clinton,IN,119000,206,2020
Crawford,IN,89500,80,2020
Daviess,IN,139800,278,2020
Dearborn,IN,174500,372,2020
Decatur,IN,139500,278,2020
DeKalb,IN,129100,246,2020
Delaware,IN,96600,109,2020
Dubois,IN,162400,343,2020
Elkhart,IN,149300,302,2020
Fayette,IN,84000,55,2020
Floyd,IN,179100,378,2020
Fountain,IN,107600,157,2020
Franklin,IN,167200,354,2020
Fulton,IN,109200,165,2020
Gibson,IN,123900,228,2020
Grant,IN,96300,107,2020
Greene,IN,101300,131,2020
Hamilton,IN,282700,470,2020
Hancock,IN,179300,379,2020
Harrison,IN,159500,333,2020
Hendricks,IN,205300,411,2020
Henry,IN,101800,133,2020
Howard,IN,113900,186,2020
Huntington,IN,109200,165,2020
Jackson,IN,131000,253,2020
Jasper,IN,158300,330,2020
Jay,IN,90800,85,2020
Jefferson,IN,139000,275,2020
Jennings,IN,111000,174,2020
Johnson,IN,178500,377,2020
Knox,IN,97900,116,2020
Kosciusko,IN,153500,316,2020
LaGrange,IN,194600,398,2020
Lake,IN,156100,324,2020
LaPorte,IN,139900,279,2020
Lawrence,IN,126200,236,2020
Madison,IN,103800,141,2020
Marion,IN,145200,292,2020
Marshall,IN,144400,291,2020
Martin,IN,125400,234,2020
Miami,IN,91100,87,2020
Monroe,IN,189900,394,2020
Montgomery,IN,132200,257,2020
Morgan,IN,165300,350,2020
Newton,IN,116000,195,2020
Noble,IN,132400,257,2020
Ohio,IN,146500,295,2020
Orange,IN,102400,135,2020
Owen,IN,125200,233,2020
Parke,IN,96400,108,2020
Perry,IN,114600,188,2020
Pike,IN,109400,166,2020
Porter,IN,193500,397,2020
Posey,IN,150900,307,2020
Pulaski,IN,114100,187,2020
Putnam,IN,144900,291,2020
Randolph,IN,83700,54,2020
Ripley,IN,156400,326,2020
Rush,IN,115900,194,2020
St. Joseph,IN,134800,263,2020
Scott,IN,107800,158,2020
Shelby,IN,139300,277,2020
Spencer,IN,133200,260,2020
Starke,IN,111100,175,2020
Steuben,IN,154300,320,2020
Sullivan,IN,89400,79,2020
Switzerland,IN,116000,195,2020
Tippecanoe,IN,160900,338,2020
Tipton,IN,123900,228,2020
Union,IN,128200,244,2020
Vanderburgh,IN,136100,267,2020
Vermillion,IN,83900,55,2020
Vigo,IN,105200,146,2020
Wabash,IN,109600,168,2020
Warren,IN,120300,212,2020
Warrick,IN,173900,371,2020
Washington,IN,120100,210,2020
Wayne,IN,102400,135,2020
Wells,IN,132500,258,2020
White,IN,119200,206,2020
Whitley,IN,151900,311,2020
Adair,IA,111100,175,2020
Adams,IA,81400,45,2020
Allamakee,IA,133400,260,2020
Appanoose,IA,85000,59,2020
Audubon,IA,84300,56,2020
Benton,IA,158700,331,2020
Black Hawk,IA,150200,304,2020
Boone,IA,141000,281,2020
Bremer,IA,169000,359,2020
Buchanan,IA,143200,288,2020
Buena Vista,IA,120300,212,2020
Butler,IA,120100,210,2020
Calhoun,IA,85600,62,2020
Carroll,IA,138700,274,2020
Cass,IA,107200,154,2020
Cedar,IA,163100,345,2020
Cerro Gordo,IA,130400,251,2020
Cherokee,IA,117400,200,2020
Chickasaw,IA,122000,220,2020
Clarke,IA,115400,192,2020
Clay,IA,129700,248,2020
Clayton,IA,131600,255,2020
Clinton,IA,120200,211,2020
Crawford,IA,101100,130,2020
Dallas,IA,258300,459,2020
Davis,IA,117900,201,2020
Decatur,IA,82800,50,2020
Delaware,IA,141300,283,2020
Des Moines,IA,111600,177,2020
Dickinson,IA,199800,406,2020
Dubuque,IA,175300,373,2020
Emmet,IA,90000,83,2020
Fayette,IA,106200,151,2020
Floyd,IA,107700,157,2020
Franklin,IA,93200,95,2020
Fremont,IA,113200,182,2020
Greene,IA,93500,97,2020
Grundy,IA,138100,272,2020
Guthrie,IA,129000,246,2020
Hamilton,IA,105200,146,2020
Hancock,IA,100900,129,2020
Hardin,IA,95100,103,2020
Harrison,IA,124000,228,2020
Henry,IA,118500,203,2020
Howard,IA,105800,148,2020
Humboldt,IA,109200,165,2020
Ida,IA,102400,135,2020
Iowa,IA,156000,324,2020
Jackson,IA,127600,242,2020
Jasper,IA,137200,270,2020
Jefferson,IA,120600,213,2020
Johnson,IA,238600,445,2020
Jones,IA,140000,280,2020
Keokuk,IA,95800,105,2020
Kossuth,IA,109400,166,2020
Lee,IA,98400,117,2020
Linn,IA,161600,340,2020
Louisa,IA,107900,159,2020
Lucas,IA,94200,100,2020
Lyon,IA,160700,337,2020
Madison,IA,186700,390,2020
Mahaska,IA,113100,181,2020
Marion,IA,160100,335,2020
Marshall,IA,104400,143,2020
Mills,IA,178500,377,2020
Mitchell,IA,120400,212,2020
Monona,IA,90000,83,2020
Monroe,IA,113800,185,2020
Montgomery,IA,85300,60,2020
Muscatine,IA,135400,265,2020
O'Brien,IA,116300,197,2020
Osceola,IA,96600,109,2020
Page,IA,96400,108,2020
Palo Alto,IA,107300,154,2020
Plymouth,IA,172600,367,2020
Pocahontas,IA,81900,47,2020
Polk,IA,190400,394,2020
Pottawattamie,IA,141300,283,2020
Poweshiek,IA,148200,299,2020
Ringgold,IA,113000,181,2020
Sac,IA,101200,130,2020
Scott,IA,167900,357,2020
Shelby,IA,120700,214,2020
Sioux,IA,182500,383,2020
Story,IA,195200,400,2020
Tama,IA,114400,187,2020
Taylor,IA,84100,56,2020
Union,IA,109600,168,2020
Van Buren,IA,91200,88,2020
Wapello,IA,87400,71,2020
Warren,IA,196100,401,2020
Washington,IA,158600,331,2020
Wayne,IA,79900,40,2020
Webster,IA,107900,159,2020
Winnebago,IA,96200,106,2020
Winneshiek,IA,183300,384,2020
Woodbury,IA,131300,254,2020
Worth,IA,107600,157,2020
Wright,IA,86100,65,2020
Allen,KS,80300,41,2020
Anderson,KS,100300,126,2020
Atchison,KS,108700,162,2020
Barber,KS,74400,23,2020
Barton,KS,97100,112,2020
Bourbon,KS,83900,55,2020
Brown,KS,87000,69,2020
Butler,KS,150300,305,2020
Chase,KS,102500,135,2020
Chautauqua,KS,51700,1,2020
Cherokee,KS,80700,42,2020
Cheyenne,KS,84200,56,2020
Clark,KS,74300,23,2020
Clay,KS,105500,147,2020
Cloud,KS,77800,33,2020
Coffey,KS,124300,229,2020
Comanche,KS,72500,19,2020
Cowley,KS,88600,76,2020
Crawford,KS,96900,110,2020
Decatur,KS,68400,13,2020
Dickinson,KS,116400,197,2020
Doniphan,KS,100000,125,2020
Douglas,KS,212400,419,2020
Edwards,KS,60700,5,2020
Elk,KS,49400,1,2020
Ellis,KS,172700,367,2020
Ellsworth,KS,110100,171,2020
Finney,KS,159300,333,2020
Ford,KS,109800,169,2020
Franklin,KS,138500,273,2020
Geary,KS,143100,288,2020
Gove,KS,99800,124,2020
Graham,KS,77500,33,2020
Grant,KS,137000,269,2020
Gray,KS,142600,287,2020
Greeley,KS,112100,178,2020
Greenwood,KS,64500,9,2020
Hamilton,KS,75000,24,2020
Harper,KS,75200,25,2020
Harvey,KS,131000,253,2020
Haskell,KS,96300,107,2020
Hodgeman,KS,93400,97,2020
Jackson,KS,139400,277,2020
Jefferson,KS,163400,346,2020
Jewell,KS,56300,3,2020
Johnson,KS,277500,467,2020
Kearny,KS,91200,88,2020
Kingman,KS,92500,93,2020
Kiowa,KS,132500,258,2020
Labette,KS,76500,29,2020
Lane,KS,75100,25,2020
Leavenworth,KS,195000,400,2020
Lincoln,KS,75400,26,2020
Linn,KS,112000,178,2020
Logan,KS,89600,80,2020
Lyon,KS,113700,185,2020
McPherson,KS,154700,321,2020
Marion,KS,96600,109,2020
Marshall,KS,101600,132,2020
Meade,KS,101800,133,2020
Miami,KS,212500,419,2020
Mitchell,KS,92100,91,2020
Montgomery,KS,78900,38,2020
Morris,KS,94400,101,2020
Morton,KS,90300,84,2020
Nemaha,KS,150400,305,2020
Neosho,KS,83800,54,2020
Ness,KS,74100,22,2020
Norton,KS,79100,39,2020
Osage,KS,123600,226,2020
Osborne,KS,66100,10,2020
Ottawa,KS,117300,199,2020
Pawnee,KS,78800,37,2020
Phillips,KS,82700,50,2020
Pottawatomie,KS,176700,374,2020
Pratt,KS,107500,155,2020
Rawlins,KS,101000,129,2020
Reno,KS,106100,150,2020
Republic,KS,67100,11,2020
Rice,KS,79500,39,2020
Riley,KS,205900,412,2020
Rooks,KS,77300,32,2020
Rush,KS,70100,16,2020
Russell,KS,99900,125,2020
Saline,KS,141300,283,2020
Scott,KS,134000,261,2020
Sedgwick,KS,146300,295,2020
Seward,KS,111200,175,2020
Shawnee,KS,135100,265,2020
Sheridan,KS,119000,206,2020
Sherman,KS,107500,155,2020
Smith,KS,75300,26,2020
Stafford,KS,73900,22,2020
Stanton,KS,63200,7,2020
Stevens,KS,104200,143,2020
Sumner,KS,94800,102,2020
Thomas,KS,129600,248,2020
Trego,KS,103600,139,2020
Wabaunsee,KS,153700,318,2020
Wallace,KS,84500,57,2020
Washington,KS,84100,56,2020
Wichita,KS,101500,131,2020
Wilson,KS,82200,48,2020
Woodson,KS,68700,14,2020
Wyandotte,KS,107000,154,2020
Adair,KY,105400,147,2020
Allen,KY,123300,225,2020
Anderson,KY,158100,330,2020
Ballard,KY,103800,141,2020
Barren,KY,127100,240,2020
Bath,KY,83900,55,2020
Bell,KY,62800,7,2020
Boone,KY,194700,399,2020
Bourbon,KY,155300,323,2020
Boyd,KY,110000,170,2020
Boyle,KY,144000,290,2020
Bracken,KY,102700,136,2020
Breathitt,KY,53000,2,2020
Breckinridge,KY,104500,144,2020
Bullitt,KY,171300,364,2020
Butler,KY,92000,91,2020
Caldwell,KY,89600,80,2020
Calloway,KY,141200,282,2020
Campbell,KY,173400,369,2020
Carlisle,KY,83200,52,2020
Carroll,KY,105800,148,2020
Carter,KY,109500,167,2020
Casey,KY,97600,114,2020
Christian,KY,121000,216,2020
Clark,KY,151300,309,2020
Clay,KY,61300,6,2020
Clinton,KY,77900,34,2020
Crittenden,KY,97200,112,2020
Cumberland,KY,110000,170,2020
Daviess,KY,143500,288,2020
Edmonson,KY,91900,90,2020
Elliott,KY,76600,29,2020
Estill,KY,78200,35,2020
Fayette,KY,200900,407,2020
Fleming,KY,91100,87,2020
Floyd,KY,74000,22,2020
Franklin,KY,149900,303,2020
Fulton,KY,63800,8,2020
Gallatin,KY,135100,265,2020
Garrard,KY,144900,291,2020
Grant,KY,141600,284,2020
Graves,KY,109000,164,2020
Grayson,KY,118100,202,2020
Green,KY,80600,42,2020
Greenup,KY,114900,189,2020
Hancock,KY,113600,184,2020
Hardin,KY,157700,329,2020
Harlan,KY,64100,9,2020
Harrison,KY,146800,296,2020
Hart,KY,93000,95,2020
Henderson,KY,133200,260,2020
Henry,KY,134100,262,2020
Hickman,KY,85000,59,2020
Hopkins,KY,107100,154,2020
Jackson,KY,83100,51,2020
Jefferson,KY,178100,376,2020
Jessamine,KY,186400,389,2020
Johnson,KY,115800,194,2020
Kenton,KY,167100,354,2020
Knott,KY,52300,2,2020
Knox,KY,87000,69,2020
Larue,KY,125100,232,2020
Laurel,KY,116300,197,2020
Lawrence,KY,91800,90,2020
Lee,KY,65800,10,2020
Leslie,KY,69000,14,2020
Letcher,KY,54700,3,2020
Lewis,KY,68300,13,2020
Lincoln,KY,106100,150,2020
Livingston,KY,90600,85,2020
Logan,KY,108900,164,2020
Lyon,KY,149100,301,2020
McCracken,KY,145200,292,2020
McCreary,KY,76700,30,2020
McLean,KY,111800,178,2020
Madison,KY,161400,339,2020
Magoffin,KY,71100,17,2020
Marion,KY,112900,181,2020
Marshall,KY,138000,272,2020
Martin,KY,78100,34,2020
Mason,KY,144200,290,2020
Meade,KY,154200,319,2020
Menifee,KY,83200,52,2020
Mercer,KY,148900,300,2020
Metcalfe,KY,76900,31,2020
Monroe,KY,97000,111,2020
Montgomery,KY,124600,230,2020
Morgan,KY,79900,40,2020
Muhlenberg,KY,96000,106,2020
Nelson,KY,164200,348,2020
Nicholas,KY,86500,66,2020
Ohio,KY,90400,84,2020
Oldham,KY,299300,477,2020
Owen,KY,116300,197,2020
Owsley,KY,67400,12,2020
Pendleton,KY,130100,250,2020
Perry,KY,78900,38,2020
Pike,KY,82700,50,2020
Powell,KY,105000,145,2020
Pulaski,KY,113900,186,2020
Robertson,KY,101900,133,2020
Rockcastle,KY,88500,75,2020
Rowan,KY,126900,239,2020
Russell,KY,99000,121,2020
Scott,KY,197900,404,2020
Shelby,KY,202000,408,2020
Simpson,KY,141400,283,2020
Spencer,KY,227000,434,2020
Taylor,KY,122800,223,2020
Todd,KY,112500,180,2020
Trigg,KY,156000,324,2020
Trimble,KY,129700,248,2020
Union,KY,90900,86,2020
Warren,KY,180000,380,2020
Washington,KY,123600,226,2020
Wayne,KY,90300,84,2020
Webster,KY,76200,29,2020
Whitley,KY,104200,143,2020
Wolfe,KY,66300,11,2020
Woodford,KY,212100,419,2020
Acadia,LA,130300,250,2020
Allen,LA,107400,155,2020
Ascension,LA,224300,432,2020
Assumption,LA,118900,205,2020
Avoyelles,LA,103900,142,2020
Beauregard,LA,141600,284,2020
Bienville,LA,73700,21,2020
Bossier,LA,176700,374,2020
Caddo,LA,150200,304,2020
Calcasieu,LA,160800,337,2020
Caldwell,LA,79100,39,2020
Cameron,LA,124300,229,2020
Catahoula,LA,90600,85,2020
Claiborne,LA,75500,26,2020
Concordia,LA,94500,101,2020
De Soto,LA,116500,197,2020
East Baton Rouge,LA,201100,408,2020
East Carroll,LA,62800,7,2020
East Feliciana,LA,153800,318,2020
Evangeline,LA,99500,122,2020
Franklin,LA,86600,67,2020
Grant,LA,122600,222,2020
Iberia,LA,120500,213,2020
Iberville,LA,139100,276,2020
Jackson,LA,85700,62,2020
Jefferson,LA,193600,397,2020
Jefferson Davis,LA,110800,173,2020
Lafayette,LA,189700,393,2020
Lafourche,LA,158800,331,2020
LaSalle,LA,107000,154,2020
Lincoln,LA,152400,313,2020
Livingston,LA,173200,369,2020
Madison,LA,77600,33,2020
Morehouse,LA,94500,101,2020
Natchitoches,LA,148300,299,2020
Orleans,LA,250000,454,2020
Ouachita,LA,150200,304,2020
Plaquemines,LA,202700,409,2020
Pointe Coupee,LA,157900,329,2020
Rapides,LA,147200,297,2020
Red River,LA,77900,34,2020
Richland,LA,107700,157,2020
Sabine,LA,87600,73,2020
St. Bernard,LA,152600,314,2020
St. Charles,LA,205600,411,2020
St. Helena,LA,115500,193,2020
St. James,LA,168700,358,2020
St. John the Baptist,LA,155900,324,2020
St. Landry,LA,122900,223,2020
St. Martin,LA,123700,227,2020
St. Mary,LA,105800,148,2020
St. Tammany,LA,223300,430,2020
Tangipahoa,LA,167900,357,2020
Tensas,LA,78900,38,2020
Terrebonne,LA,155600,323,2020
Union,LA,94700,101,2020
Vermilion,LA,127700,242,2020
Vernon,LA,126000,235,2020
Washington,LA,114900,189,2020
Webster,LA,85300,60,2020
West Baton Rouge,LA,197000,402,2020
West Carroll,LA,85800,63,2020
West Feliciana,LA,230400,438,2020
Winn,LA,77000,31,2020
Androscoggin,ME,166600,353,2020
Aroostook,ME,102600,136,2020
Cumberland,ME,288800,473,2020
Franklin,ME,146900,297,2020
Hancock,ME,218000,425,2020
Kennebec,ME,164000,348,2020
Knox,ME,209900,416,2020
Lincoln,ME,220000,427,2020
Oxford,ME,150700,306,2020
Penobscot,ME,148300,299,2020
Piscataquis,ME,110100,171,2020
Sagadahoc,ME,222900,430,2020
Somerset,ME,122400,221,2020
Waldo,ME,169400,359,2020
Washington,ME,115200,190,2020
York,ME,260800,460,2020
Allegany,MD,126500,238,2020
Anne Arundel,MD,370100,494,2020
Baltimore,MD,267400,464,2020
Calvert,MD,364800,492,2020
Caroline,MD,213400,421,2020
Carroll,MD,343400,489,2020
Cecil,MD,250400,454,2020
Charles,MD,326800,485,2020
Dorchester,MD,187300,391,2020
Frederick,MD,341800,488,2020
Garrett,MD,194600,398,2020
Harford,MD,302900,479,2020
Howard,MD,464500,503,2020
Kent,MD,258500,459,2020
Montgomery,MD,491700,504,2020
Prince George's,MD,319600,483,2020
Queen Anne's,MD,363300,492,2020
St. Mary's,MD,318500,483,2020
Somerset,MD,131500,254,2020
Talbot,MD,334000,486,2020
Washington,MD,221700,429,2020
Wicomico,MD,185000,387,2020
Worcester,MD,267400,464,2020
Baltimore City,MD,167300,354,2020
Barnstable,MA,414000,499,2020
Berkshire,MA,221000,429,2020
Bristol,MA,317800,483,2020
Dukes,MA,794000,510,2020
Essex,MA,436600,501,2020
Franklin,MA,239900,446,2020
Hampden,MA,216100,423,2020
Hampshire,MA,289300,473,2020
Middlesex,MA,540300,505,2020
Nantucket,MA,1117300,511,2020
Norfolk,MA,491000,503,2020
Plymouth,MA,386600,496,2020
Suffolk,MA,547300,505,2020
Worcester,MA,295300,476,2020
Alcona,MI,118700,204,2020
Alger,MI,141900,285,2020
Allegan,MI,174000,371,2020
Alpena,MI,104900,145,2020
Antrim,MI,161700,341,2020
Arenac,MI,98600,119,2020
Baraga,MI,108200,160,2020
Barry,MI,171800,365,2020
Bay,MI,106400,152,2020
Benzie,MI,195400,400,2020
Berrien,MI,157500,328,2020
Branch,MI,118200,202,2020
Calhoun,MI,115500,193,2020
Cass,MI,155600,323,2020
Charlevoix,MI,171100,363,2020
Cheboygan,MI,141800,285,2020
Chippewa,MI,121600,218,2020
Clare,MI,91900,90,2020
Clinton,MI,185500,387,2020
Crawford,MI,111800,178,2020
Delta,MI,115400,192,2020
Dickinson,MI,109300,165,2020
Eaton,MI,160000,335,2020
Emmet,MI,206900,414,2020
Genesee,MI,119500,207,2020
Gladwin,MI,111000,174,2020
Gogebic,MI,73500,21,2020
Grand Traverse,MI,225400,433,2020
Gratiot,MI,97600,114,2020
Hillsdale,MI,131800,256,2020
Houghton,MI,113700,185,2020
Huron,MI,109000,164,2020
Ingham,MI,143900,289,2020
Ionia,MI,140800,281,2020
Iosco,MI,98200,117,2020
Iron,MI,79500,39,2020
Isabella,MI,136900,269,2020
Jackson,MI,138900,275,2020
Kalamazoo,MI,168500,358,2020
Kalkaska,MI,127600,242,2020
Kent,MI,188500,392,2020
Keweenaw,MI,141800,285,2020
Lake,MI,89700,81,2020
Lapeer,MI,179900,379,2020
Leelanau,MI,285700,471,2020
Lenawee,MI,143000,288,2020
Livingston,MI,256100,457,2020
Luce,MI,97200,112,2020
Mackinac,MI,136100,267,2020
Macomb,MI,174000,371,2020
Manistee,MI,130900,252,2020
Marquette,MI,154200,319,2020
Mason,MI,151400,309,2020
Mecosta,MI,122500,221,2020
Menominee,MI,112600,180,2020
Midland,MI,145900,294,2020
Missaukee,MI,123300,225,2020
Monroe,MI,167400,355,2020
Montcalm,MI,121800,219,2020
Montmorency,MI,113300,182,2020
Muskegon,MI,126400,238,2020
Newaygo,MI,128900,245,2020
Oakland,MI,252800,456,2020
Oceana,MI,121900,219,2020
Ogemaw,MI,103200,138,2020
Ontonagon,MI,74400,23,2020
Osceola,MI,102800,137,2020
Oscoda,MI,96800,110,2020
Otsego,MI,147100,297,2020
Ottawa,MI,209400,416,2020
Presque Isle,MI,111200,175,2020
Roscommon,MI,111300,176,2020
Saginaw,MI,106200,151,2020
St. Clair,MI,162300,342,2020
St. Joseph,MI,128800,245,2020
Sanilac,MI,121500,217,2020
Schoolcraft,MI,114400,187,2020
Shiawassee,MI,127500,241,2020
Tuscola,MI,108200,160,2020
Van Buren,MI,147400,298,2020
Washtenaw,MI,278500,468,2020
Wayne,MI,122700,223,2020
Wexford,MI,115500,193,2020
Aitkin,MN,183400,384,2020
Anoka,MN,244500,450,2020
Becker,MN,202600,409,2020
Beltrami,MN,167000,354,2020
Benton,MN,187300,391,2020
Big Stone,MN,108900,164,2020
Blue Earth,MN,194800,399,2020
Brown,MN,144000,290,2020
Carlton,MN,179400,379,2020
Carver,MN,333400,486,2020
Cass,MN,200700,407,2020
Chippewa,MN,118100,202,2020
Chisago,MN,244600,450,2020
Clay,MN,205400,411,2020
Clearwater,MN,139500,278,2020
Cook,MN,251900,455,2020
Cottonwood,MN,106900,153,2020
Crow Wing,MN,208900,415,2020
Dakota,MN,280300,468,2020
Dodge,MN,197100,402,2020
Douglas,MN,226500,434,2020
Faribault,MN,94100,100,2020
Fillmore,MN,159500,333,2020
Freeborn,MN,121600,218,2020
Goodhue,MN,212800,420,2020
Grant,MN,129400,247,2020
Hennepin,MN,292100,474,2020
Houston,MN,177000,375,2020
Hubbard,MN,208200,415,2020
Isanti,MN,214400,421,2020
Itasca,MN,163600,346,2020
Jackson,MN,122300,221,2020
Kanabec,MN,168900,358,2020
Kandiyohi,MN,178000,376,2020
Kittson,MN,96300,107,2020
Koochiching,MN,115500,193,2020
Lac qui Parle,MN,97500,114,2020
Lake,MN,174300,372,2020
Lake of the Woods,MN,179500,379,2020
Le Sueur,MN,226400,433,2020
Lincoln,MN,107800,158,2020
Lyon,MN,152700,315,2020
McLeod,MN,171200,364,2020
Mahnomen,MN,111400,176,2020
Marshall,MN,121000,216,2020
Martin,MN,126400,238,2020
Meeker,MN,175600,373,2020
Mille Lacs,MN,170500,361,2020
Morrison,MN,178100,376,2020
Mower,MN,130800,252,2020
Murray,MN,132500,258,2020
Nicollet,MN,205000,410,2020
Nobles,MN,130400,251,2020
Norman,MN,107600,157,2020
Olmsted,MN,233100,440,2020
Otter Tail,MN,203800,410,2020
Pennington,MN,163400,346,2020
Pine,MN,170700,362,2020
Pipestone,MN,101300,131,2020
Polk,MN,169100,359,2020
Pope,MN,185800,388,2020
Ramsey,MN,239000,445,2020
Red Lake,MN,123000,224,2020
Redwood,MN,114800,189,2020
Renville,MN,112400,179,2020
Rice,MN,232800,440,2020
Rock,MN,160700,337,2020
Roseau,MN,140800,281,2020
St. Louis,MN,161100,339,2020
Scott,MN,317500,483,2020
Sherburne,MN,244700,450,2020
Sibley,MN,166100,352,2020
Stearns,MN,193500,397,2020
Steele,MN,173400,369,2020
Stevens,MN,161000,338,2020
Swift,MN,113000,181,2020
Todd,MN,151800,310,2020
Traverse,MN,85700,62,2020
Wabasha,MN,189300,393,2020
Wadena,MN,135000,264,2020
Waseca,MN,162000,342,2020
Washington,MN,301000,478,2020
Watonwan,MN,98600,119,2020
Wilkin,MN,138300,272,2020
Winona,MN,173200,369,2020
Wright,MN,250800,454,2020
Yellow Medicine,MN,117900,201,2020
Adams,MS,94100,100,2020
Alcorn,MS,108600,162,2020
Amite,MS,85200,60,2020
Attala,MS,88700,76,2020
Benton,MS,82800,50,2020
Bolivar,MS,98800,120,2020
Calhoun,MS,70500,17,2020
Carroll,MS,93800,98,2020
Chickasaw,MS,70000,15,2020
Choctaw,MS,89700,81,2020
Claiborne,MS,69600,15,2020
Clarke,MS,81100,44,2020
Clay,MS,96700,109,2020
Coahoma,MS,67900,12,2020
Copiah,MS,88900,77,2020
Covington,MS,68100,13,2020
DeSoto,MS,177800,376,2020
Forrest,MS,118100,202,2020
Franklin,MS,81200,44,2020
George,MS,119300,206,2020
Greene,MS,83100,51,2020
Grenada,MS,107800,158,2020
Hancock,MS,167700,356,2020
Harrison,MS,157900,329,2020
Hinds,MS,121500,217,2020
Holmes,MS,58600,4,2020
Humphreys,MS,70500,17,2020
Issaquena,MS,87500,72,2020
Itawamba,MS,90700,85,2020
Jackson,MS,143000,288,2020
Jasper,MS,89300,79,2020
Jefferson,MS,62000,7,2020
Jefferson Davis,MS,82400,48,2020
Jones,MS,101300,131,2020
Kemper,MS,78600,36,2020
Lafayette,MS,217900,424,2020
Lamar,MS,174600,372,2020
Lauderdale,MS,103600,139,2020
Lawrence,MS,104000,142,2020
Leake,MS,86200,65,2020
Lee,MS,140600,281,2020
Leflore,MS,86000,64,2020
Lincoln,MS,105100,145,2020
Lowndes,MS,136300,267,2020
Madison,MS,224300,432,2020
Marion,MS,94300,100,2020
Marshall,MS,123700,227,2020
Monroe,MS,99100,121,2020
Montgomery,MS,87500,72,2020
Neshoba,MS,83600,53,2020
Newton,MS,86200,65,2020
Noxubee,MS,67100,11,2020
Oktibbeha,MS,165000,350,2020
Panola,MS,82700,50,2020
Pearl River,MS,150800,307,2020
Perry,MS,108000,159,2020
Pike,MS,95800,105,2020
Pontotoc,MS,115300,191,2020
Prentiss,MS,95300,104,2020
Quitman,MS,54500,3,2020
Rankin,MS,165200,350,2020
Scott,MS,78500,36,2020
Sharkey,MS,63400,8,2020
Simpson,MS,86600,67,2020
Smith,MS,108300,161,2020
Stone,MS,124500,230,2020
Sunflower,MS,86300,66,2020
Tallahatchie,MS,68900,14,2020
Tate,MS,139300,277,2020
Tippah,MS,89200,79,2020
Tishomingo,MS,97000,111,2020
Tunica,MS,101800,133,2020
Union,MS,112900,181,2020
Walthall,MS,98100,116,2020
Warren,MS,133100,259,2020
Washington,MS,80600,42,2020
Wayne,MS,78300,35,2020
Webster,MS,86600,67,2020
Wilkinson,MS,70500,17,2020
Winston,MS,96700,109,2020
Yalobusha,MS,85500,61,2020
Yazoo,MS,88600,76,2020
Adair,MO,123500,226,2020
Andrew,MO,150200,304,2020
Atchison,MO,90400,84,2020
Audrain,MO,89200,79,2020
Barry,MO,127400,241,2020
Barton,MO,91900,90,2020
Bates,MO,119600,207,2020
Benton,MO,122600,222,2020
Bollinger,MO,113600,184,2020
Boone,MO,198700,405,2020
Buchanan,MO,126000,235,2020
Butler,MO,116400,197,2020
Caldwell,MO,109700,169,2020
Callaway,MO,156900,327,2020
Camden,MO,213200,421,2020
Cape Girardeau,MO,162400,343,2020
Carroll,MO,93400,97,2020
Carter,MO,135800,267,2020
Cass,MO,196700,401,2020
Cedar,MO,95200,104,2020
Chariton,MO,100700,127,2020
Christian,MO,182800,383,2020
Clark,MO,96800,110,2020
Clay,MO,185700,388,2020
Clinton,MO,160800,337,2020
Cole,MO,169700,360,2020
Cooper,MO,150800,307,2020
Crawford,MO,124400,229,2020
Dade,MO,101800,133,2020
Dallas,MO,131000,253,2020
Daviess,MO,114600,188,2020
DeKalb,MO,125000,232,2020
Dent,MO,104900,145,2020
Douglas,MO,127300,241,2020
Dunklin,MO,78500,36,2020
Franklin,MO,171900,365,2020
Gasconade,MO,136800,269,2020
Gentry,MO,86200,65,2020
Greene,MO,151300,309,2020
Grundy,MO,101100,130,2020
Harrison,MO,75300,26,2020
Henry,MO,115600,193,2020
Hickory,MO,81500,45,2020
Holt,MO,88900,77,2020
Howard,MO,141400,283,2020
Howell,MO,114600,188,2020
Iron,MO,87100,70,2020
Jackson,MO,157200,327,2020
Jasper,MO,124200,229,2020
Jefferson,MO,167700,356,2020
Johnson,MO,163300,346,2020
Knox,MO,75100,25,2020
Laclede,MO,116600,198,2020
Lafayette,MO,154300,320,2020
Lawrence,MO,115300,191,2020
Lewis,MO,88200,75,2020
Lincoln,MO,165700,351,2020
Linn,MO,92600,93,2020
Livingston,MO,111800,178,2020
McDonald,MO,102200,134,2020
Macon,MO,100500,127,2020
Madison,MO,120000,209,2020
Maries,MO,145400,293,2020
Marion,MO,129000,246,2020
Mercer,MO,85300,60,2020
Miller,MO,140500,280,2020
Mississippi,MO,82900,51,2020
Moniteau,MO,138900,275,2020
Monroe,MO,119200,206,2020
Montgomery,MO,120700,214,2020
Morgan,MO,150100,304,2020
New Madrid,MO,77200,32,2020
Newton,MO,131800,256,2020
Nodaway,MO,126600,239,2020
Oregon,MO,98600,119,2020
Osage,MO,159000,332,2020
Ozark,MO,109100,165,2020
Pemiscot,MO,88200,75,2020
Perry,MO,151900,311,2020
Pettis,MO,128900,245,2020
Phelps,MO,146200,294,2020
Pike,MO,96600,109,2020
Platte,MO,238800,445,2020
Polk,MO,141600,284,2020
Pulaski,MO,160700,337,2020
Putnam,MO,89300,79,2020
Ralls,MO,134700,262,2020
Randolph,MO,108600,162,2020
Ray,MO,139800,278,2020
Reynolds,MO,96000,106,2020
Ripley,MO,86900,68,2020
St. Charles,MO,230100,437,2020
St. Clair,MO,95100,103,2020
Ste. Genevieve,MO,171100,363,2020
St. Francois,MO,118000,201,2020
St. Louis,MO,143700,289,2020
Saline,MO,114600,188,2020
Schuyler,MO,81300,44,2020
Scotland,MO,100300,126,2020
Scott,MO,113200,182,2020
Shannon,MO,119900,209,2020
Shelby,MO,71700,18,2020
Stoddard,MO,103600,139,2020
Stone,MO,185900,389,2020
Sullivan,MO,75600,27,2020
Taney,MO,149900,303,2020
Texas,MO,112600,180,2020
Vernon,MO,102200,134,2020
Warren,MO,184900,386,2020
Washington,MO,97700,114,2020
Wayne,MO,93200,95,2020
Webster,MO,152500,313,2020
Worth,MO,71200,17,2020
Wright,MO,109100,165,2020
Beaverhead,MT,206900,414,2020
Big Horn,MT,150300,305,2020
Blaine,MT,90600,85,2020
Broadwater,MT,238000,444,2020
Carbon,MT,271500,466,2020
Carter,MT,109400,166,2020
Cascade,MT,184400,386,2020
Chouteau,MT,155700,324,2020
Custer,MT,174500,372,2020
Daniels,MT,164700,349,2020
Dawson,MT,152700,315,2020
Deer Lodge,MT,129100,246,2020
Fallon,MT,165900,351,2020
Fergus,MT,138700,274,2020
Flathead,MT,294600,476,2020
Gallatin,MT,388000,496,2020
Garfield,MT,155300,323,2020
Glacier,MT,106400,152,2020
Golden Valley,MT,107600,157,2020
Granite,MT,252600,456,2020
Hill,MT,153800,318,2020
Jefferson,MT,290700,474,2020
Judith Basin,MT,154200,319,2020
Lake,MT,278400,468,2020
Lewis and Clark,MT,263900,461,2020
Liberty,MT,101600,132,2020
Lincoln,MT,197300,403,2020
McCone,MT,151300,309,2020
Madison,MT,316900,482,2020
Meagher,MT,170700,362,2020
Mineral,MT,194800,399,2020
Missoula,MT,302200,478,2020
Musselshell,MT,173000,368,2020
Park,MT,287800,472,2020
Petroleum,MT,155700,324,2020
Phillips,MT,141600,284,2020
Pondera,MT,138900,275,2020
Powder River,MT,135900,267,2020
Powell,MT,147400,298,2020
Prairie,MT,101000,129,2020
Ravalli,MT,290400,474,2020
Richland,MT,229100,436,2020
Roosevelt,MT,103800,141,2020
Rosebud,MT,115300,191,2020
Sanders,MT,251600,455,2020
Sheridan,MT,114800,189,2020
Silver Bow,MT,155300,323,2020
Stillwater,MT,256600,458,2020
Sweet Grass,MT,243300,449,2020
Teton,MT,186300,389,2020
Toole,MT,124600,230,2020
Treasure,MT,161800,341,2020
Valley,MT,150500,306,2020
Wheatland,MT,117300,199,2020
Wibaux,MT,107600,157,2020
Yellowstone,MT,238700,445,2020
Adams,NE,137700,271,2020
Antelope,NE,82100,47,2020
Arthur,NE,129200,247,2020
Banner,NE,172900,368,2020
Blaine,NE,77700,33,2020
Boone,NE,131700,255,2020
Box Butte,NE,129200,247,2020
Boyd,NE,85000,59,2020
Brown,NE,85100,59,2020
Buffalo,NE,185300,387,2020
Burt,NE,104900,145,2020
Butler,NE,127200,241,2020
Cass,NE,195500,400,2020
Cedar,NE,121800,219,2020
Chase,NE,139200,276,2020
Cherry,NE,124900,231,2020
Cheyenne,NE,98700,119,2020
Clay,NE,102500,135,2020
Colfax,NE,92900,94,2020
Cuming,NE,129100,246,2020
Custer,NE,116900,198,2020
Dakota,NE,131400,254,2020
Dawes,NE,125200,233,2020
Dawson,NE,113700,185,2020
Deuel,NE,89800,82,2020
Dixon,NE,100000,125,2020
Dodge,NE,137100,269,2020
Douglas,NE,180000,380,2020
Dundy,NE,76900,31,2020
Fillmore,NE,89200,79,2020
Franklin,NE,77100,31,2020
Frontier,NE,111100,175,2020
Furnas,NE,73700,21,2020
Gage,NE,124100,228,2020
Garden,NE,77100,31,2020
Garfield,NE,106000,149,2020
Gosper,NE,165500,350,2020
Grant,NE,72500,19,2020
Greeley,NE,74200,23,2020
Hall,NE,153800,318,2020
Hamilton,NE,163900,347,2020
Harlan,NE,113900,186,2020
Hayes,NE,81000,43,2020
Hitchcock,NE,75900,28,2020
Holt,NE,126000,235,2020
Hooker,NE,94000,98,2020
Howard,NE,155300,323,2020
Jefferson,NE,98600,119,2020
Johnson,NE,104700,144,2020
Kearney,NE,162200,342,2020
Keith,NE,135000,264,2020
Keya Paha,NE,65000,10,2020
Kimball,NE,80500,41,2020
Knox,NE,92300,92,2020
Lancaster,NE,190000,394,2020
Lincoln,NE,153200,316,2020
Logan,NE,107900,159,2020
Loup,NE,82200,48,2020
McPherson,NE,78900,38,2020
Madison,NE,155200,322,2020
Merrick,NE,119900,209,2020
Morrill,NE,103200,138,2020
Nance,NE,78400,36,2020
Nemaha,NE,97200,112,2020
Nuckolls,NE,73900,22,2020
Otoe,NE,145100,292,2020
Pawnee,NE,71400,18,2020
Perkins,NE,118400,203,2020
Phelps,NE,139900,279,2020
Pierce,NE,134500,262,2020
Platte,NE,159500,333,2020
Polk,NE,117600,200,2020
Red Willow,NE,113600,184,2020
Richardson,NE,73700,21,2020
Rock,NE,92100,91,2020
Saline,NE,120800,215,2020
Sarpy,NE,211400,417,2020
Saunders,NE,171600,365,2020
Scotts Bluff,NE,130400,251,2020
Seward,NE,172900,368,2020
Sheridan,NE,78200,35,2020
Sherman,NE,91000,86,2020
Sioux,NE,108800,163,2020
Stanton,NE,129200,247,2020
Thayer,NE,69900,15,2020
Thomas,NE,120000,209,2020
Thurston,NE,77700,33,2020
Valley,NE,110500,172,2020
Washington,NE,204900,410,2020
Wayne,NE,144100,290,2020
Webster,NE,74600,24,2020
Wheeler,NE,96900,110,2020
York,NE,135600,266,2020
Churchill,NV,198800,405,2020
Clark,NV,285100,471,2020
Douglas,NV,416900,499,2020
Elko,NV,225800,433,2020
Esmeralda,NV,81100,44,2020
Eureka,NV,151000,307,2020
Humboldt,NV,186200,389,2020
Lander,NV,167400,355,2020
Lincoln,NV,132600,258,2020
Lyon,NV,238600,445,2020
Mineral,NV,99900,125,2020
Nye,NV,172300,366,2020
Pershing,NV,114400,187,2020
Storey,NV,264000,461,2020
Washoe,NV,360500,491,2020
White Pine,NV,157100,327,2020
Carson,NV,299900,478,2020
Belknap,NH,232000,439,2020
Carroll,NH,251400,455,2020
Cheshire,NH,197700,404,2020
Coos,NH,132500,258,2020
Grafton,NH,230700,438,2020
Hillsborough,NH,287900,472,2020
Merrimack,NH,245400,451,2020
Rockingham,NH,344000,489,2020
Strafford,NH,243500,449,2020
Sullivan,NH,174400,372,2020
Atlantic,NJ,216600,423,2020
Bergen,NJ,477400,503,2020
Burlington,NJ,259600,460,2020
Camden,NJ,200400,406,2020
Cape May,NJ,306200,480,2020
Cumberland,NJ,166400,352,2020
Essex,NJ,395900,497,2020
Gloucester,NJ,224300,432,2020
Hudson,NJ,400800,498,2020
Hunterdon,NJ,418700,499,2020
Mercer,NJ,290100,473,2020
Middlesex,NJ,351400,490,2020
Monmouth,NJ,435300,500,2020
Morris,NJ,462100,502,2020
Ocean,NJ,286700,471,2020
Passaic,NJ,352000,490,2020
Salem,NJ,185700,388,2020
Somerset,NJ,436700,501,2020
Sussex,NJ,271500,466,2020
Union,NJ,378700,495,2020
Warren,NJ,265700,463,2020
Bernalillo,NM,205500,411,2020
Catron,NM,162400,343,2020
Chaves,NM,115400,192,2020
Cibola,NM,88800,77,2020
Colfax,NM,108900,164,2020
Curry,NM,132400,257,2020
De Baca,NM,130000,250,2020
Dona Ana,NM,153600,317,2020
Eddy,NM,161100,339,2020
Grant,NM,127100,240,2020
Guadalupe,NM,100500,127,2020
Harding,NM,87500,72,2020
Hidalgo,NM,91800,90,2020
Lea,NM,138600,274,2020
Lincoln,NM,172800,367,2020
Los Alamos,NM,322200,484,2020
Luna,NM,84700,58,2020
McKinley,NM,66700,11,2020
Mora,NM,104300,143,2020
Otero,NM,120800,215,2020
Quay,NM,68500,13,2020
Rio Arriba,NM,172900,368,2020
Roosevelt,NM,111700,177,2020
Sandoval,NM,211700,418,2020
San Juan,NM,155000,322,2020
San Miguel,NM,138300,272,2020
Santa Fe,NM,294800,476,2020
Sierra,NM,120100,210,2020
Socorro,NM,117900,201,2020
Taos,NM,249000,453,2020
Torrance,NM,115500,193,2020
Union,NM,93800,98,2020
Valencia,NM,151600,310,2020
Albany,NY,230300,437,2020
Allegany,NY,78400,36,2020
Bronx,NY,427900,500,2020
Broome,NY,120200,211,2020
Cattaraugus,NY,90200,83,2020
Cayuga,NY,131700,255,2020
Chautauqua,NY,92900,94,2020
Chemung,NY,108900,164,2020
Chenango,NY,102300,134,2020
Clinton,NY,139600,278,2020
Columbia,NY,236500,444,2020
Cortland,NY,126700,239,2020
Delaware,NY,144000,290,2020
Dutchess,NY,290700,474,2020
Erie,NY,160700,337,2020
Essex,NY,160400,335,2020
Franklin,NY,110600,172,2020
Fulton,NY,120100,210,2020
Genesee,NY,125200,233,2020
Greene,NY,185600,388,2020
Hamilton,NY,170500,361,2020
Herkimer,NY,106600,152,2020
Jefferson,NY,150100,304,2020
Kings,NY,734800,510,2020
Lewis,NY,122800,223,2020
Livingston,NY,134000,261,2020
Madison,NY,140000,280,2020
Monroe,NY,152000,312,2020
Montgomery,NY,110700,173,2020
Nassau,NY,524400,504,2020
New York,NY,1024500,511,2020
Niagara,NY,131600,255,2020
Oneida,NY,133100,259,2020
Onondaga,NY,148100,298,2020
Ontario,NY,163100,345,2020
Orange,NY,278400,468,2020
Orleans,NY,101400,131,2020
Oswego,NY,109500,167,2020
Otsego,NY,150700,306,2020
Putnam,NY,366400,493,2020
Queens,NY,575600,506,2020
Rensselaer,NY,197100,402,2020
Richmond,NY,546100,505,2020
Rockland,NY,452500,502,2020
St. Lawrence,NY,97000,111,2020
Saratoga,NY,266000,463,2020
Schenectady,NY,172500,366,2020
Schoharie,NY,142600,287,2020
Schuyler,NY,127000,240,2020
Seneca,NY,107500,155,2020
Steuben,NY,104200,143,2020
Suffolk,NY,413900,499,2020
Sullivan,NY,175900,374,2020
Tioga,NY,119800,208,2020
Tompkins,NY,218700,426,2020
Ulster,NY,239400,446,2020
Warren,NY,208600,415,2020
Washington,NY,151500,309,2020
Wayne,NY,130000,250,2020
Westchester,NY,544100,505,2020
Wyoming,NY,118800,204,2020
Yates,NY,142300,286,2020
Alamance,NC,160900,338,2020
Alexander,NC,138900,275,2020
Alleghany,NC,150500,306,2020
Anson,NC,104100,142,2020
Ashe,NC,158200,330,2020
Avery,NC,151800,310,2020
Beaufort,NC,138000,272,2020
Bertie,NC,78500,36,2020
Bladen,NC,98700,119,2020
Brunswick,NC,220400,428,2020
Buncombe,NC,250600,454,2020
Burke,NC,120600,213,2020
Cabarrus,NC,219100,426,2020
Caldwell,NC,125200,233,2020
Camden,NC,221000,429,2020
Carteret,NC,226700,434,2020
Caswell,NC,113600,184,2020
Catawba,NC,156200,325,2020
Chatham,NC,310000,480,2020
Cherokee,NC,163900,347,2020
Chowan,NC,139500,278,2020
Clay,NC,197600,403,2020
Cleveland,NC,130000,250,2020
Columbus,NC,94800,102,2020
Craven,NC,161200,339,2020
Cumberland,NC,139700,278,2020
Currituck,NC,263400,461,2020
Dare,NC,297200,477,2020
Davidson,NC,149500,302,2020
Davie,NC,177100,375,2020
Duplin,NC,89500,80,2020
Durham,NC,241800,447,2020
Edgecombe,NC,88500,75,2020
Forsyth,NC,163800,347,2020
Franklin,NC,161500,340,2020
Gaston,NC,156800,327,2020
Gates,NC,142400,286,2020
Graham,NC,119000,206,2020
Granville,NC,168900,358,2020
Greene,NC,87500,72,2020
Guilford,NC,172900,368,2020
Halifax,NC,85800,63,2020
Harnett,NC,160700,337,2020
Haywood,NC,185600,388,2020
Henderson,NC,232000,439,2020
Hertford,NC,89800,82,2020
Hoke,NC,146200,294,2020
Hyde,NC,122300,221,2020
Iredell,NC,200800,407,2020
Jackson,NC,206900,414,2020
Johnston,NC,180200,380,2020
Jones,NC,92200,92,2020
Lee,NC,145600,293,2020
Lenoir,NC,94000,98,2020
Lincoln,NC,187000,390,2020
McDowell,NC,129400,247,2020
Macon,NC,171700,365,2020
Madison,NC,200700,407,2020
Martin,NC,86400,66,2020
Mecklenburg,NC,253500,456,2020
Mitchell,NC,164200,348,2020
Montgomery,NC,120500,213,2020
Moore,NC,229400,436,2020
Nash,NC,133900,261,2020
New Hanover,NC,258200,459,2020
Northampton,NC,83600,53,2020
Onslow,NC,162400,343,2020
Orange,NC,331800,486,2020
Pamlico,NC,161600,340,2020
Pasquotank,NC,166600,353,2020
Pender,NC,198100,404,2020
Perquimans,NC,173200,369,2020
Person,NC,134100,262,2020
Pitt,NC,146700,296,2020
Polk,NC,222700,430,2020
Randolph,NC,128800,245,2020
Richmond,NC,88200,75,2020
Robeson,NC,75600,27,2020
Rockingham,NC,114900,189,2020
Rowan,NC,146600,295,2020
Rutherford,NC,125100,232,2020
Sampson,NC,97500,114,2020
Scotland,NC,87600,73,2020
Stanly,NC,150400,305,2020
Stokes,NC,145000,292,2020
Surry,NC,129700,248,2020
Swain,NC,149300,302,2020
Transylvania,NC,231300,438,2020
Tyrrell,NC,110900,173,2020
Union,NC,254100,457,2020
Vance,NC,103700,140,2020
Wake,NC,301600,478,2020
Warren,NC,89500,80,2020
Washington,NC,86400,66,2020
Watauga,NC,246000,452,2020
Wayne,NC,125900,235,2020
Wilkes,NC,129200,247,2020
Wilson,NC,127100,240,2020
Yadkin,NC,138500,273,2020
Yancey,NC,166900,354,2020
Adams,ND,95600,104,2020
Barnes,ND,138300,272,2020
Benson,ND,79800,40,2020
Billings,ND,232400,439,2020
Bottineau,ND,157300,328,2020
Bowman,ND,154300,320,2020
Burke,ND,114100,187,2020
Burleigh,ND,266800,464,2020
Cass,ND,234100,441,2020
Cavalier,ND,108600,162,2020
Dickey,ND,129600,248,2020
Divide,ND,124900,231,2020
Dunn,ND,213600,421,2020
Eddy,ND,92300,92,2020
Emmons,ND,94500,101,2020
Foster,ND,151200,308,2020
Golden Valley,ND,113700,185,2020
Grand Forks,ND,208200,415,2020
Grant,ND,75600,27,2020
Griggs,ND,100900,129,2020
Hettinger,ND,109500,167,2020
Kidder,ND,101600,132,2020
LaMoure,ND,99900,125,2020
Logan,ND,84500,57,2020
McHenry,ND,119500,207,2020
McIntosh,ND,75700,27,2020
McKenzie,ND,283400,470,2020
McLean,ND,184800,386,2020
Mercer,ND,181100,381,2020
Morton,ND,220900,428,2020
Mountrail,ND,171500,364,2020
Nelson,ND,96100,106,2020
Oliver,ND,202400,409,2020
Pembina,ND,92000,91,2020
Pierce,ND,132300,257,2020
Ramsey,ND,154800,321,2020
Ransom,ND,139200,276,2020
Renville,ND,127900,243,2020
Richland,ND,132800,258,2020
Rolette,ND,85600,62,2020
Sargent,ND,110900,173,2020
Sheridan,ND,95800,105,2020
Sioux,ND,83300,52,2020
Slope,ND,91000,86,2020
Stark,ND,240800,447,2020
Steele,ND,87000,69,2020
Stutsman,ND,158900,331,2020
Towner,ND,93500,97,2020
Traill,ND,152200,312,2020
Walsh,ND,94100,100,2020
Ward,ND,217700,424,2020
Wells,ND,89600,80,2020
Williams,ND,254800,457,2020
Adams,OH,115000,190,2020
Allen,OH,120300,212,2020
Ashland,OH,132200,257,2020
Ashtabula,OH,117200,199,2020
Athens,OH,139100,276,2020
Auglaize,OH,146400,295,2020
Belmont,OH,110800,173,2020
Brown,OH,138200,272,2020
Butler,OH,180200,380,2020
Carroll,OH,128400,244,2020
Champaign,OH,137200,270,2020
Clark,OH,120500,213,2020
Clermont,OH,178700,378,2020
Clinton,OH,139100,276,2020
Columbiana,OH,105500,147,2020
Coshocton,OH,106300,151,2020
Crawford,OH,93400,97,2020
Cuyahoga,OH,137800,271,2020
Darke,OH,124700,230,2020
Defiance,OH,125100,232,2020
Delaware,OH,320300,484,2020
Erie,OH,146800,296,2020
Fairfield,OH,197400,403,2020
Fayette,OH,118200,202,2020
Franklin,OH,185900,389,2020
Fulton,OH,140300,280,2020
Gallia,OH,118400,203,2020
Geauga,OH,247700,452,2020
Greene,OH,180300,381,2020
Guernsey,OH,122800,223,2020
Hamilton,OH,163000,345,2020
Hancock,OH,152600,314,2020
Hardin,OH,106200,151,2020
Harrison,OH,100800,128,2020
Henry,OH,130800,252,2020
Highland,OH,123400,225,2020
Hocking,OH,139800,278,2020
Holmes,OH,224400,432,2020
Huron,OH,131600,255,2020
Jackson,OH,105600,148,2020
Jefferson,OH,95300,104,2020
Knox,OH,162700,344,2020
Lake,OH,160200,335,2020
Lawrence,OH,107700,157,2020
Licking,OH,183500,385,2020
Logan,OH,142400,286,2020
Lorain,OH,156400,326,2020
Lucas,OH,120900,215,2020
Madison,OH,169200,359,2020
Mahoning,OH,108200,160,2020
Marion,OH,105800,148,2020
Medina,OH,205800,412,2020
Meigs,OH,92500,93,2020
Mercer,OH,163800,347,2020
Miami,OH,155000,322,2020
Monroe,OH,109500,167,2020
Montgomery,OH,124900,231,2020
Morgan,OH,102700,136,2020
Morrow,OH,154900,321,2020
Muskingum,OH,126400,238,2020
Noble,OH,106100,150,2020
Ottawa,OH,154500,320,2020
Paulding,OH,102600,136,2020
Perry,OH,120200,211,2020
Pickaway,OH,171400,364,2020
Pike,OH,119900,209,2020
Portage,OH,160300,335,2020
Preble,OH,133900,261,2020
Putnam,OH,154500,320,2020
Richland,OH,115100,190,2020
Ross,OH,125000,232,2020
Sandusky,OH,118600,204,2020
Scioto,OH,103400,138,2020
Seneca,OH,108900,164,2020
Shelby,OH,147400,298,2020
Stark,OH,139000,275,2020
Summit,OH,151300,309,2020
Trumbull,OH,105500,147,2020
Tuscarawas,OH,136700,268,2020
Union,OH,220300,427,2020
Van Wert,OH,111000,174,2020
Vinton,OH,94800,102,2020
Warren,OH,236400,443,2020
Washington,OH,142100,286,2020
Wayne,OH,156300,325,2020
Williams,OH,108000,159,2020
Wood,OH,165400,350,2020
Wyandot,OH,129900,249,2020
Adair,OK,92800,94,2020
Alfalfa,OK,86000,64,2020
Atoka,OK,105200,146,2020
Beaver,OK,97800,115,2020
Beckham,OK,127500,241,2020
Blaine,OK,99600,123,2020
Bryan,OK,119800,208,2020
Caddo,OK,84600,58,2020
Canadian,OK,170700,362,2020
Carter,OK,117400,200,2020
Cherokee,OK,126400,238,2020
Choctaw,OK,99000,121,2020
Cimarron,OK,62400,7,2020
Cleveland,OK,170700,362,2020
Coal,OK,82000,47,2020
Comanche,OK,124100,228,2020
Cotton,OK,75600,27,2020
Craig,OK,110700,173,2020
Creek,OK,130300,250,2020
Custer,OK,140100,280,2020
Delaware,OK,124000,228,2020
Dewey,OK,99800,124,2020
Ellis,OK,96000,106,2020
Garfield,OK,119000,206,2020
Garvin,OK,103900,142,2020
Grady,OK,140800,281,2020
Grant,OK,79000,38,2020
Greer,OK,84600,58,2020
Harmon,OK,72100,19,2020
Harper,OK,83700,54,2020
Haskell,OK,99200,121,2020
Hughes,OK,74200,23,2020
Jackson,OK,99700,123,2020
Jefferson,OK,64800,10,2020
Johnston,OK,85900,64,2020
Kay,OK,96700,109,2020
Kingfisher,OK,152000,312,2020
Kiowa,OK,66200,11,2020
Latimer,OK,87300,71,2020
Le Flore,OK,90900,86,2020
Lincoln,OK,116800,198,2020
Logan,OK,176000,374,2020
Love,OK,117900,201,2020
McClain,OK,183800,385,2020
McCurtain,OK,86100,65,2020
McIntosh,OK,115900,194,2020
Major,OK,111500,176,2020
Marshall,OK,107900,159,2020
Mayes,OK,115900,194,2020
Murray,OK,130400,251,2020
Muskogee,OK,109300,165,2020
Noble,OK,116300,197,2020
Nowata,OK,91400,88,2020
Okfuskee,OK,87800,74,2020
Oklahoma,OK,157500,328,2020
Okmulgee,OK,85900,64,2020
Osage,OK,126300,237,2020
Ottawa,OK,88100,74,2020
Pawnee,OK,98900,120,2020
Payne,OK,172700,367,2020
Pittsburg,OK,109000,164,2020
Pontotoc,OK,134700,262,2020
Pottawatomie,OK,123100,224,2020
Pushmataha,OK,84000,55,2020
Roger Mills,OK,131400,254,2020
Rogers,OK,168000,357,2020
Seminole,OK,75100,25,2020
Sequoyah,OK,99100,121,2020
Stephens,OK,114700,188,2020
Texas,OK,118200,202,2020
Tillman,OK,52800,2,2020
Tulsa,OK,160700,337,2020
Wagoner,OK,162900,344,2020
Washington,OK,126100,236,2020
Washita,OK,89800,82,2020
Woods,OK,114100,187,2020
Woodward,OK,138800,274,2020
Baker,OR,180600,381,2020
Benton,OR,357900,491,2020
Clackamas,OR,421100,500,2020
Clatsop,OR,309500,480,2020
Columbia,OR,282600,469,2020
Coos,OR,220400,428,2020
Crook,OR,265100,462,2020
Curry,OR,285600,471,2020
Deschutes,OR,389300,497,2020
Douglas,OR,210800,417,2020
Gilliam,OR,112900,181,2020
Grant,OR,153900,319,2020
Harney,OR,140300,280,2020
Hood River,OR,411600,498,2020
Jackson,OR,294500,476,2020
Jefferson,OR,242200,448,2020
Josephine,OR,281500,469,2020
Klamath,OR,188700,392,2020
Lake,OR,161000,338,2020
Lane,OR,280000,468,2020
Lincoln,OR,265800,463,2020
Linn,OR,240200,446,2020
Malheur,OR,150400,305,2020
Marion,OR,270300,465,2020
Morrow,OR,160600,336,2020
Multnomah,OR,410800,498,2020
Polk,OR,290100,473,2020
Sherman,OR,159300,333,2020
Tillamook,OR,276700,467,2020
Umatilla,OR,183300,384,2020
Union,OR,198200,404,2020
Wallowa,OR,266800,464,2020
Wasco,OR,230800,438,2020
Washington,OR,413500,498,2020
Wheeler,OR,178700,378,2020
Yamhill,OR,320900,484,2020
Adams,PA,212300,419,2020
Allegheny,PA,161600,340,2020
Armstrong,PA,112400,179,2020
Beaver,PA,148700,300,2020
Bedford,PA,141700,284,2020
Berks,PA,187600,391,2020
Blair,PA,128200,244,2020
Bradford,PA,150900,307,2020
Bucks,PA,340500,488,2020
Butler,PA,216900,423,2020
Cambria,PA,94900,102,2020
Cameron,PA,77400,32,2020
Carbon,PA,150400,305,2020
Centre,PA,242700,448,2020
Chester,PA,369500,494,2020
Clarion,PA,123400,225,2020
Clearfield,PA,99400,122,2020
Clinton,PA,145700,293,2020
Columbia,PA,153900,319,2020
Crawford,PA,117400,200,2020
Cumberland,PA,209700,416,2020
Dauphin,PA,175700,373,2020
Delaware,PA,247900,452,2020
Elk,PA,103100,138,2020
Erie,PA,138500,273,2020
Fayette,PA,106200,151,2020
Forest,PA,91700,89,2020
Franklin,PA,186300,389,2020
Fulton,PA,165800,351,2020
Greene,PA,122500,221,2020
Huntingdon,PA,142800,287,2020
Indiana,PA,124100,228,2020
Jefferson,PA,108800,163,2020
Juniata,PA,154200,319,2020
Lackawanna,PA,154700,321,2020
Lancaster,PA,218700,426,2020
Lawrence,PA,113200,182,2020
Lebanon,PA,176000,374,2020
Lehigh,PA,215400,422,2020
Luzerne,PA,129600,248,2020
Lycoming,PA,161900,341,2020
McKean,PA,82300,48,2020
Mercer,PA,123600,226,2020
Mifflin,PA,115400,192,2020
Monroe,PA,173800,370,2020
Montgomery,PA,326200,484,2020
Montour,PA,186100,389,2020
Northampton,PA,223800,431,2020
Northumberland,PA,119800,208,2020
Perry,PA,179400,379,2020
Philadelphia,PA,171600,365,2020
Pike,PA,186600,390,2020
Potter,PA,110400,171,2020
Schuylkill,PA,106100,150,2020
Snyder,PA,172900,368,2020
Somerset,PA,113300,182,2020
Sullivan,PA,160100,335,2020
Susquehanna,PA,173100,369,2020
Tioga,PA,151900,311,2020
Union,PA,188400,392,2020
Venango,PA,96800,110,2020
Warren,PA,102000,133,2020
Washington,PA,170800,362,2020
Wayne,PA,178700,378,2020
Westmoreland,PA,157200,327,2020
Wyoming,PA,172300,366,2020
York,PA,183300,384,2020
Bristol,RI,364500,492,2020
Kent,RI,247700,452,2020
Newport,RI,399500,498,2020
Providence,RI,248500,453,2020
Washington,RI,359300,491,2020
Abbeville,SC,100700,127,2020
Aiken,SC,153700,318,2020
Allendale,SC,47100,1,2020
Anderson,SC,153600,317,2020
Bamberg,SC,78900,38,2020
Barnwell,SC,87600,73,2020
Beaufort,SC,309600,480,2020
Berkeley,SC,197300,403,2020
Calhoun,SC,104500,144,2020
Charleston,SC,334600,486,2020
Cherokee,SC,98300,117,2020
Chester,SC,94200,100,2020
Chesterfield,SC,85600,62,2020
Clarendon,SC,105200,146,2020
Colleton,SC,93500,97,2020
Darlington,SC,102800,137,2020
Dillon,SC,84500,57,2020
Dorchester,SC,213000,420,2020
Edgefield,SC,132600,258,2020
Fairfield,SC,106900,153,2020
Florence,SC,135000,264,2020
Georgetown,SC,197700,404,2020
Greenville,SC,197400,403,2020
Greenwood,SC,128000,243,2020
Hampton,SC,76000,28,2020
Horry,SC,187800,391,2020
Jasper,SC,159000,332,2020
Kershaw,SC,135500,265,2020
Lancaster,SC,217100,423,2020
Laurens,SC,108100,159,2020
Lee,SC,79000,38,2020
Lexington,SC,163200,345,2020
McCormick,SC,114700,188,2020
Marion,SC,81800,46,2020
Marlboro,SC,71500,18,2020
Newberry,SC,118500,203,2020
Oconee,SC,164000,348,2020
Orangeburg,SC,91700,89,2020
Pickens,SC,159200,332,2020
Richland,SC,167500,355,2020
Saluda,SC,110100,171,2020
Spartanburg,SC,153000,316,2020
Sumter,SC,119800,208,2020
Union,SC,80300,41,2020
Williamsburg,SC,73900,22,2020
York,SC,218400,425,2020
Aurora,SD,86600,67,2020
Beadle,SD,120900,215,2020
Bennett,SD,100000,125,2020
Bon Homme,SD,89000,78,2020
Brookings,SD,187100,390,2020
Brown,SD,171200,364,2020
Brule,SD,157500,328,2020
Butte,SD,153000,316,2020
Campbell,SD,63500,8,2020
Charles Mix,SD,127900,243,2020
Clark,SD,108500,161,2020
Clay,SD,168100,357,2020
Codington,SD,182400,382,2020
Corson,SD,55600,3,2020
Custer,SD,232000,439,2020
Davison,SD,153600,317,2020
Day,SD,110600,172,2020
Deuel,SD,120300,212,2020
Dewey,SD,65900,10,2020
Douglas,SD,84100,56,2020
Edmunds,SD,110600,172,2020
Fall River,SD,136800,269,2020
Faulk,SD,88200,75,2020
Grant,SD,136200,267,2020
Gregory,SD,97300,113,2020
Haakon,SD,116200,196,2020
Hamlin,SD,161400,339,2020
Hand,SD,120100,210,2020
Hanson,SD,139900,279,2020
Harding,SD,97400,113,2020
Hughes,SD,181400,381,2020
Hutchinson,SD,111600,177,2020
Hyde,SD,104300,143,2020
Jackson,SD,58600,4,2020
Jerauld,SD,74200,23,2020
Jones,SD,84700,58,2020
Kingsbury,SD,118700,204,2020
Lake,SD,170300,360,2020
Lawrence,SD,224200,431,2020
Lincoln,SD,240200,446,2020
Lyman,SD,109600,168,2020
McCook,SD,152300,312,2020
McPherson,SD,62600,7,2020
Marshall,SD,126300,237,2020
Meade,SD,207700,414,2020
Miner,SD,87000,69,2020
Minnehaha,SD,201500,408,2020
Moody,SD,152700,315,2020
Oglala Lakota,SD,35000,0,2020
Pennington,SD,197200,402,2020
Perkins,SD,100700,127,2020
Potter,SD,106000,149,2020
Roberts,SD,107000,154,2020
Sanborn,SD,106700,153,2020
Spink,SD,89500,80,2020
Stanley,SD,154900,321,2020
Sully,SD,130800,252,2020
Todd,SD,26600,0,2020
Tripp,SD,100800,128,2020
Turner,SD,137500,270,2020
Union,SD,206300,412,2020
Walworth,SD,96700,109,2020
Yankton,SD,152800,315,2020
Ziebach,SD,68800,14,2020
Anderson,TN,152600,314,2020
Bedford,TN,169800,360,2020
Benton,TN,87700,73,2020
Bledsoe,TN,139300,277,2020
Blount,TN,192800,396,2020
Bradley,TN,167800,356,2020
Campbell,TN,121000,216,2020
Cannon,TN,172600,367,2020
Carroll,TN,97200,112,2020
Carter,TN,125100,232,2020
Cheatham,TN,198900,405,2020
Chester,TN,118700,204,2020
Claiborne,TN,112000,178,2020
Clay,TN,107400,155,2020
Cocke,TN,112600,180,2020
Coffee,TN,156200,325,2020
Crockett,TN,99100,121,2020
Cumberland,TN,159800,334,2020
Davidson,TN,267400,464,2020
Decatur,TN,97800,115,2020
DeKalb,TN,157500,328,2020
Dickson,TN,183300,384,2020
Dyer,TN,113800,185,2020
Fayette,TN,218600,425,2020
Fentress,TN,106800,153,2020
Franklin,TN,146700,296,2020
Gibson,TN,108600,162,2020
Giles,TN,136600,268,2020
Grainger,TN,124900,231,2020
Greene,TN,133600,260,2020
Grundy,TN,90400,84,2020
Hamblen,TN,139000,275,2020
Hamilton,TN,191400,395,2020
Hancock,TN,99800,124,2020
Hardeman,TN,94100,100,2020
Hardin,TN,120200,211,2020
Hawkins,TN,127600,242,2020
Haywood,TN,103600,139,2020
Henderson,TN,108600,162,2020
Henry,TN,104500,144,2020
Hickman,TN,122500,221,2020
Houston,TN,126300,237,2020
Humphreys,TN,120000,209,2020
Jackson,TN,115800,194,2020
Jefferson,TN,154800,321,2020
Johnson,TN,133700,261,2020
Knox,TN,194200,398,2020
Lake,TN,91800,90,2020
Lauderdale,TN,90700,85,2020
Lawrence,TN,118500,203,2020
Lewis,TN,98600,119,2020
Lincoln,TN,149400,302,2020
Loudon,TN,227100,434,2020
McMinn,TN,140000,280,2020
McNairy,TN,101100,130,2020
Macon,TN,124800,231,2020
Madison,TN,139500,278,2020
Marion,TN,122700,223,2020
Marshall,TN,159900,334,2020
Maury,TN,204500,410,2020
Meigs,TN,148700,300,2020
Monroe,TN,146100,294,2020
Montgomery,TN,175000,373,2020
Moore,TN,200500,407,2020
Morgan,TN,98000,116,2020
Obion,TN,96600,109,2020
Overton,TN,126300,237,2020
Perry,TN,94100,100,2020
Pickett,TN,135600,266,2020
Polk,TN,112700,180,2020
Putnam,TN,164000,348,2020
Rhea,TN,131100,253,2020
Roane,TN,157900,329,2020
Robertson,TN,215900,423,2020
Rutherford,TN,234700,442,2020
Scott,TN,97300,113,2020
Sequatchie,TN,150700,306,2020
Sevier,TN,189200,393,2020
Shelby,TN,158700,331,2020
Smith,TN,162500,343,2020
Stewart,TN,124600,230,2020
Sullivan,TN,145300,293,2020
Sumner,TN,256000,457,2020
Tipton,TN,161300,339,2020
Trousdale,TN,164300,349,2020
Unicoi,TN,136500,268,2020
Union,TN,131800,256,2020
Van Buren,TN,98100,116,2020
Warren,TN,117000,198,2020
Washington,TN,167400,355,2020
Wayne,TN,109100,165,2020
Weakley,TN,97900,116,2020
White,TN,124800,231,2020
Williamson,TN,471300,503,2020
Wilson,TN,283200,470,2020
Anderson,TX,110000,170,2020
Andrews,TX,153200,316,2020
Angelina,TX,110500,172,2020
Aransas,TX,183200,384,2020
Archer,TX,152000,312,2020
Armstrong,TX,156100,324,2020
Atascosa,TX,106000,149,2020
Austin,TX,197200,402,2020
Bailey,TX,75200,25,2020
Bandera,TX,202000,408,2020
Bastrop,TX,199300,405,2020
Baylor,TX,69100,14,2020
Bee,TX,88700,76,2020
Bell,TX,153500,316,2020
Bexar,TX,171200,364,2020
Blanco,TX,261300,460,2020
Borden,TX,156300,325,2020
Bosque,TX,135500,265,2020
Bowie,TX,123200,225,2020
Brazoria,TX,213100,420,2020
Brazos,TX,217700,424,2020
Brewster,TX,171700,365,2020
Briscoe,TX,72500,19,2020
Brooks,TX,64200,9,2020
Brown,TX,109500,167,2020
Burleson,TX,126500,238,2020
Burnet,TX,203300,409,2020
Caldwell,TX,147200,297,2020
Calhoun,TX,117400,200,2020
Callahan,TX,100000,125,2020
Cameron,TX,89700,81,2020
Camp,TX,109400,166,2020
Carson,TX,108700,162,2020
Cass,TX,91100,87,2020
Castro,TX,83300,52,2020
Chambers,TX,224400,432,2020
Cherokee,TX,111600,177,2020
Childress,TX,86800,68,2020
Clay,TX,110000,170,2020
Cochran,TX,38000,0,2020
Coke,TX,74100,22,2020
Coleman,TX,83100,51,2020
Collin,TX,337200,487,2020
Collingsworth,TX,57500,4,2020
Colorado,TX,131400,254,2020
Comal,TX,293600,475,2020
Comanche,TX,110900,173,2020
Concho,TX,107700,157,2020
Cooke,TX,166700,353,2020
Coryell,TX,120700,214,2020
Cottle,TX,44000,0,2020
Crane,TX,89000,78,2020
Crockett,TX,102200,134,2020
Crosby,TX,61300,6,2020
Culberson,TX,63700,8,2020
Dallam,TX,95000,103,2020
Dallas,TX,193900,397,2020
Dawson,TX,80100,40,2020
Deaf Smith,TX,91800,90,2020
Delta,TX,107600,157,2020
Denton,TX,297100,477,2020
DeWitt,TX,121900,219,2020
Dickens,TX,53100,2,2020
Dimmit,TX,61300,6,2020
Donley,TX,70200,16,2020
Duval,TX,61800,6,2020
Eastland,TX,82600,49,2020
Ector,TX,147900,298,2020
Edwards,TX,71800,18,2020
Ellis,TX,214500,421,2020
El Paso,TX,126500,238,2020
Erath,TX,166300,352,2020
Falls,TX,76900,31,2020
Fannin,TX,139200,276,2020
Fayette,TX,193200,396,2020
Fisher,TX,63900,9,2020
Floyd,TX,70300,16,2020
Foard,TX,48500,1,2020
Fort Bend,TX,277600,467,2020
Franklin,TX,144300,291,2020
Freestone,TX,116800,198,2020
Frio,TX,86000,64,2020
Gaines,TX,141200,282,2020
Galveston,TX,212600,419,2020
Garza,TX,78200,35,2020
Gillespie,TX,311300,481,2020
Glasscock,TX,303300,479,2020
Goliad,TX,129000,246,2020
Gonzales,TX,113700,185,2020
Gray,TX,79800,40,2020
Grayson,TX,152400,313,2020
Gregg,TX,144300,291,2020
Grimes,TX,163200,345,2020
Guadalupe,TX,207700,414,2020
Hale,TX,84500,57,2020
Hall,TX,59900,4,2020
Hamilton,TX,123600,226,2020
Hansford,TX,111300,176,2020
Hardeman,TX,53100,2,2020
Hardin,TX,135600,266,2020
Harris,TX,189400,393,2020
Harrison,TX,137200,270,2020
Hartley,TX,179200,379,2020
Haskell,TX,60500,5,2020
Hays,TX,258000,458,2020
Hemphill,TX,180300,381,2020
Henderson,TX,120700,214,2020
Hidalgo,TX,90000,83,2020
Hill,TX,112200,179,2020
Hockley,TX,92900,94,2020
Hood,TX,208700,415,2020
Hopkins,TX,119600,207,2020
Houston,TX,107500,155,2020
Howard,TX,103500,139,2020
Hudspeth,TX,54500,3,2020
Hunt,TX,135800,267,2020
Hutchinson,TX,81600,45,2020
Irion,TX,122000,220,2020
Jack,TX,95200,104,2020
Jackson,TX,110100,171,2020
Jasper,TX,105200,146,2020
Jeff Davis,TX,134800,263,2020
Jefferson,TX,120300,212,2020
Jim Hogg,TX,77000,31,2020
Jim Wells,TX,76900,31,2020
Johnson,TX,168500,358,2020
Jones,TX,80800,42,2020
Karnes,TX,109500,167,2020
Kaufman,TX,195400,400,2020
Kendall,TX,378500,495,2020
Kent,TX,64700,9,2020
Kerr,TX,193900,397,2020
Kimble,TX,151700,310,2020
King,TX,22800,0,2020
Kinney,TX,82000,47,2020
Kleberg,TX,98500,118,2020
Knox,TX,43300,0,2020
Lamar,TX,108500,161,2020
Lamb,TX,67900,12,2020
Lampasas,TX,166500,352,2020
La Salle,TX,84000,55,2020
Lavaca,TX,171000,362,2020
Lee,TX,162800,344,2020
Leon,TX,120300,212,2020
Liberty,TX,115300,191,2020
Limestone,TX,115400,192,2020
Lipscomb,TX,106700,153,2020
Live Oak,TX,106200,151,2020
Llano,TX,235700,443,2020
Lubbock,TX,149200,301,2020
Lynn,TX,89900,82,2020
McCulloch,TX,96300,107,2020
McLennan,TX,152700,315,2020
McMullen,TX,111300,176,2020
Madison,TX,113200,182,2020
Marion,TX,98200,117,2020
Martin,TX,145700,293,2020
Mason,TX,219900,427,2020
Matagorda,TX,128100,243,2020
Maverick,TX,100900,129,2020
Medina,TX,151600,310,2020
Menard,TX,87300,71,2020
Midland,TX,233200,440,2020
Milam,TX,111900,178,2020
Mills,TX,141700,284,2020
Mitchell,TX,67900,12,2020
Montague,TX,120100,210,2020
Montgomery,TX,248100,453,2020
Moore,TX,113100,181,2020
Morris,TX,92100,91,2020
Motley,TX,60000,5,2020
Nacogdoches,TX,137300,270,2020
Navarro,TX,109700,169,2020
Newton,TX,80700,42,2020
Nolan,TX,80300,41,2020
Nueces,TX,148100,298,2020
Ochiltree,TX,104300,143,2020
Oldham,TX,103800,141,2020
Orange,TX,116100,196,2020
Palo Pinto,TX,115700,193,2020
Panola,TX,117000,198,2020
Parker,TX,236300,443,2020
Parmer,TX,110000,170,2020
Pecos,TX,106000,149,2020
Polk,TX,125500,234,2020
Potter,TX,97000,111,2020
Presidio,TX,77200,32,2020
Rains,TX,131100,253,2020
Randall,TX,174100,371,2020
Reagan,TX,98300,117,2020
Real,TX,146900,297,2020
Red River,TX,77900,34,2020
Reeves,TX,91600,88,2020
Refugio,TX,85500,61,2020
Roberts,TX,134200,262,2020
Robertson,TX,121600,218,2020
Rockwall,TX,283000,470,2020
Runnels,TX,85200,60,2020
Rusk,TX,131200,254,2020
Sabine,TX,99900,125,2020
San Augustine,TX,75500,26,2020
San Jacinto,TX,126700,239,2020
San Patricio,TX,129400,247,2020
San Saba,TX,119400,206,2020
Schleicher,TX,80900,43,2020
Scurry,TX,87600,73,2020
Shackelford,TX,110000,170,2020
Shelby,TX,81800,46,2020
Sherman,TX,93900,98,2020
Smith,TX,164200,348,2020
Somervell,TX,205800,412,2020
Starr,TX,76900,31,2020
Stephens,TX,81300,44,2020
Sterling,TX,75000,24,2020
Stonewall,TX,53200,2,2020
Sutton,TX,101000,129,2020
Swisher,TX,78600,36,2020
Tarrant,TX,209600,416,2020
Taylor,TX,137600,271,2020
Terrell,TX,81400,45,2020
Terry,TX,78500,36,2020
Throckmorton,TX,58600,4,2020
Titus,TX,99900,125,2020
Tom Green,TX,149700,303,2020
Travis,TX,347700,489,2020
Trinity,TX,87500,72,2020
Tyler,TX,91000,86,2020
Upshur,TX,153800,318,2020
Upton,TX,78900,38,2020
Uvalde,TX,103000,137,2020
Val Verde,TX,105400,147,2020
Van Zandt,TX,152200,312,2020
Victoria,TX,152900,315,2020
Walker,TX,160100,335,2020
Waller,TX,222700,430,2020
Ward,TX,98700,119,2020
Washington,TX,193000,396,2020
Webb,TX,135000,264,2020
Wharton,TX,148700,300,2020
Wheeler,TX,83600,53,2020
Wichita,TX,103200,138,2020
Wilbarger,TX,73200,20,2020
Willacy,TX,62100,7,2020
Williamson,TX,282700,470,2020
Wilson,TX,210600,417,2020
Winkler,TX,82800,50,2020
Wise,TX,178200,376,2020
Wood,TX,151400,309,2020
Yoakum,TX,152900,315,2020
Young,TX,122100,220,2020
Zapata,TX,88700,76,2020
Zavala,TX,59400,4,2020
Beaver,UT,209000,415,2020
Box Elder,UT,226200,433,2020
Cache,UT,256400,458,2020
Carbon,UT,148600,299,2020
Daggett,UT,152500,313,2020
Davis,UT,320100,483,2020
Duchesne,UT,188300,391,2020
Emery,UT,137400,270,2020
Garfield,UT,182500,383,2020
Grand,UT,287900,472,2020
Iron,UT,231300,438,2020
Juab,UT,250900,455,2020
Kane,UT,239900,446,2020
Millard,UT,166900,354,2020
Morgan,UT,417600,499,2020
Piute,UT,182400,382,2020
Rich,UT,205300,411,2020
Salt Lake,UT,336100,487,2020
San Juan,UT,128700,244,2020
Sanpete,UT,206800,413,2020
Sevier,UT,173600,370,2020
Summit,UT,678500,509,2020
Tooele,UT,236600,444,2020
Uintah,UT,194000,397,2020
Utah,UT,336200,487,2020
Wasatch,UT,452900,502,2020
Washington,UT,306900,480,2020
Wayne,UT,228800,436,2020
Weber,UT,249100,453,2020
Addison,VT,257100,458,2020
Bennington,VT,210600,417,2020
Caledonia,VT,172700,367,2020
Chittenden,VT,314200,481,2020
Essex,VT,137600,271,2020
Franklin,VT,219200,426,2020
Grand Isle,VT,287200,472,2020
Lamoille,VT,228200,435,2020
Orange,VT,196900,401,2020
Orleans,VT,169400,359,2020
Rutland,VT,174800,372,2020
Washington,VT,230400,438,2020
Windham,VT,217600,424,2020
Windsor,VT,219500,426,2020
Accomack,VA,173700,370,2020
Albemarle,VA,376000,494,2020
Alleghany,VA,121100,216,2020
Amelia,VA,215600,422,2020
Amherst,VA,159900,334,2020
Appomattox,VA,160600,336,2020
Arlington,VA,731700,509,2020
Augusta,VA,219600,427,2020
Bath,VA,168400,358,2020
Bedford,VA,211600,418,2020
Bland,VA,125600,234,2020
Botetourt,VA,230500,438,2020
Brunswick,VA,113600,184,2020
Buchanan,VA,69500,15,2020
Buckingham,VA,135600,266,2020
Campbell,VA,159400,333,2020
Caroline,VA,218000,425,2020
Carroll,VA,112500,180,2020
Charles City,VA,168200,357,2020
Charlotte,VA,121000,216,2020
Chesterfield,VA,252600,456,2020
Clarke,VA,366100,493,2020
Craig,VA,147900,298,2020
Culpeper,VA,310700,481,2020
Cumberland,VA,159600,334,2020
Dickenson,VA,81300,44,2020
Dinwiddie,VA,185200,387,2020
Essex,VA,196500,401,2020
Fairfax,VA,587000,506,2020
Fauquier,VA,420600,500,2020
Floyd,VA,170000,360,2020
Fluvanna,VA,234500,441,2020
Franklin,VA,179200,379,2020
Frederick,VA,265700,463,2020
Giles,VA,127800,242,2020
Gloucester,VA,230300,437,2020
Goochland,VA,379200,495,2020
Grayson,VA,109800,169,2020
Greene,VA,239100,445,2020
Greensville,VA,120900,215,2020
Halifax,VA,118500,203,2020
Hanover,VA,288800,473,2020
Henrico,VA,253900,456,2020
Henry,VA,97400,113,2020
Highland,VA,161000,338,2020
Isle of Wight,VA,280600,469,2020
James City,VA,346100,489,2020
King and Queen,VA,207400,414,2020
King George,VA,315100,482,2020
King William,VA,205800,412,2020
Lancaster,VA,236500,444,2020
Lee,VA,85500,61,2020
Loudoun,VA,534600,504,2020
Louisa,VA,234700,442,2020
Lunenburg,VA,123900,228,2020
Madison,VA,264100,462,2020
Mathews,VA,265600,462,2020
Mecklenburg,VA,148800,300,2020
Middlesex,VA,265500,462,2020
Montgomery,VA,230000,436,2020
Nelson,VA,233400,440,2020
New Kent,VA,296700,476,2020
Northampton,VA,194000,397,2020
Northumberland,VA,270900,465,2020
Nottoway,VA,151000,307,2020
Orange,VA,261000,460,2020
Page,VA,167900,357,2020
Patrick,VA,123700,227,2020
Pittsylvania,VA,125200,233,2020
Powhatan,VA,291300,474,2020
Prince Edward,VA,162800,344,2020
Prince George,VA,219300,426,2020
Prince William,VA,390500,497,2020
Pulaski,VA,156600,326,2020
Rappahannock,VA,392600,497,2020
Richmond,VA,244200,449,2020
Roanoke,VA,134900,264,2020
Rockbridge,VA,206300,412,2020
Rockingham,VA,217600,424,2020
Russell,VA,89200,79,2020
Scott,VA,106900,153,2020
Shenandoah,VA,214900,422,2020
Smyth,VA,99500,122,2020
Southampton,VA,176600,374,2020
Spotsylvania,VA,289200,473,2020
Stafford,VA,356000,490,2020
Surry,VA,201000,408,2020
Sussex,VA,123200,225,2020
Tazewell,VA,102600,136,2020
Warren,VA,251600,455,2020
Washington,VA,159000,332,2020
Westmoreland,VA,201000,408,2020
Wise,VA,87300,71,2020
Wythe,VA,130000,250,2020
York,VA,338200,488,2020
Alexandria,VA,572700,506,2020
Bristol,VA,127900,243,2020
Buena Vista,VA,125700,234,2020
Charlottesville,VA,329100,485,2020
Chesapeake,VA,286000,471,2020
Colonial Heights,VA,179200,379,2020
Covington,VA,70400,16,2020
Danville,VA,95500,104,2020
Emporia,VA,121600,218,2020
Falls Church,VA,810900,510,2020
Fredericksburg,VA,376700,495,2020
Galax,VA,97400,113,2020
Hampton,VA,188600,392,2020
Harrisonburg,VA,220100,427,2020
Hopewell,VA,126100,236,2020
Lexington,VA,235400,443,2020
Lynchburg,VA,162900,344,2020
Manassas,VA,338100,488,2020
Manassas Park,VA,299700,478,2020
Martinsville,VA,79000,38,2020
Newport News,VA,194700,399,2020
Norfolk,VA,215800,423,2020
Norton,VA,79400,39,2020
Petersburg,VA,111800,178,2020
Poquoson,VA,344300,489,2020
Portsmouth,VA,174200,371,2020
Radford,VA,171000,362,2020
Salem,VA,200000,406,2020
Staunton,VA,171600,365,2020
Suffolk,VA,265600,462,2020
Virginia Beach,VA,287400,472,2020
Waynesboro,VA,183600,385,2020
Williamsburg,VA,334100,486,2020
Winchester,VA,247800,452,2020
Adams,WA,159600,334,2020
Asotin,WA,211900,418,2020
Benton,WA,255000,457,2020
Chelan,WA,311900,481,2020
Clallam,WA,267900,464,2020
Clark,WA,355000,490,2020
Columbia,WA,199600,406,2020
Cowlitz,WA,245500,451,2020
Douglas,WA,284900,471,2020
Ferry,WA,183000,383,2020
Franklin,WA,226500,434,2020
Garfield,WA,152400,313,2020
Grant,WA,191600,395,2020
Grays Harbor,WA,192600,396,2020
Island,WA,382900,495,2020
Jefferson,WA,362300,491,2020
King,WA,601100,507,2020
Kitsap,WA,362700,492,2020
Kittitas,WA,315800,482,2020
Klickitat,WA,281600,469,2020
Lewis,WA,231900,439,2020
Lincoln,WA,173000,368,2020
Mason,WA,249100,453,2020
Okanogan,WA,205300,411,2020
Pacific,WA,185600,388,2020
Pend Oreille,WA,243100,448,2020
Pierce,WA,336600,487,2020
San Juan,WA,535200,505,2020
Skagit,WA,341600,488,2020
Skamania,WA,335600,487,2020
Snohomish,WA,440100,501,2020
Spokane,WA,245400,451,2020
Stevens,WA,219500,426,2020
Thurston,WA,315600,482,2020
Wahkiakum,WA,228600,435,2020
Walla Walla,WA,244400,449,2020
Whatcom,WA,369000,493,2020
Whitman,WA,230200,437,2020
Yakima,WA,191400,395,2020
Barbour,WV,103800,141,2020
Berkeley,WV,187400,391,2020
Boone,WV,76700,30,2020
Braxton,WV,93700,98,2020
Brooke,WV,97200,112,2020
Cabell,WV,126900,239,2020
Calhoun,WV,100800,128,2020
Clay,WV,86100,65,2020
Doddridge,WV,124300,229,2020
Fayette,WV,95100,103,2020
Gilmer,WV,79900,40,2020
Grant,WV,140900,281,2020
Greenbrier,WV,123000,224,2020
Hampshire,WV,155300,323,2020
Hancock,WV,94600,101,2020
Hardy,WV,141500,283,2020
Harrison,WV,123000,224,2020
Jackson,WV,126100,236,2020
Jefferson,WV,261500,461,2020
Kanawha,WV,115300,191,2020
Lewis,WV,108400,161,2020
Lincoln,WV,86300,66,2020
Logan,WV,97700,114,2020
McDowell,WV,39500,0,2020
Marion,WV,122700,223,2020
Marshall,WV,111100,175,2020
Mason,WV,100200,126,2020
Mercer,WV,100900,129,2020
Mineral,WV,144500,291,2020
Mingo,WV,78000,34,2020
Monongalia,WV,212300,419,2020
Monroe,WV,115300,191,2020
Morgan,WV,189800,394,2020
Nicholas,WV,95800,105,2020
Ohio,WV,127600,242,2020
Pendleton,WV,130000,250,2020
Pleasants,WV,110500,172,2020
Pocahontas,WV,119600,207,2020
Preston,WV,121300,216,2020
Putnam,WV,175700,373,2020
Raleigh,WV,110600,172,2020
Randolph,WV,117300,199,2020
Ritchie,WV,96100,106,2020
Roane,WV,97900,116,2020
Summers,WV,96000,106,2020
Taylor,WV,116000,195,2020
Tucker,WV,126700,239,2020
Tyler,WV,90900,86,2020
Upshur,WV,118400,203,2020
Wayne,WV,103800,141,2020
Webster,WV,74200,23,2020
Wetzel,WV,97000,111,2020
Wirt,WV,93500,97,2020
Wood,WV,126300,237,2020
Wyoming,WV,72900,20,2020
Adams,WI,140000,280,2020
Ashland,WI,115300,191,2020
Barron,WI,159300,333,2020
Bayfield,WI,176900,375,2020
Brown,WI,181300,381,2020
Buffalo,WI,164100,348,2020
Burnett,WI,163200,345,2020
Calumet,WI,189700,393,2020
Chippewa,WI,180000,380,2020
Clark,WI,128200,244,2020
Columbia,WI,202000,408,2020
Crawford,WI,136600,268,2020
Dane,WI,277000,467,2020
Dodge,WI,169000,359,2020
Door,WI,223200,430,2020
Douglas,WI,149100,301,2020
Dunn,WI,172500,366,2020
Eau Claire,WI,180000,380,2020
Florence,WI,130700,252,2020
Fond du Lac,WI,162600,343,2020
Forest,WI,131600,255,2020
Grant,WI,151600,310,2020
Green,WI,177000,375,2020
Green Lake,WI,149600,302,2020
Iowa,WI,194600,398,2020
Iron,WI,130100,250,2020
Jackson,WI,143600,289,2020
Jefferson,WI,194300,398,2020
Juneau,WI,131100,253,2020
Kenosha,WI,188400,392,2020
Kewaunee,WI,166900,354,2020
La Crosse,WI,184500,386,2020
Lafayette,WI,143600,289,2020
Langlade,WI,113600,184,2020
Lincoln,WI,141700,284,2020
Manitowoc,WI,133200,260,2020
Marathon,WI,161500,340,2020
Marinette,WI,125600,234,2020
Marquette,WI,156500,326,2020
Menominee,WI,105900,149,2020
Milwaukee,WI,164200,348,2020
Monroe,WI,157600,329,2020
Oconto,WI,162400,343,2020
Oneida,WI,179000,378,2020
Outagamie,WI,176900,375,2020
Ozaukee,WI,292200,475,2020
Pepin,WI,151200,308,2020
Pierce,WI,224900,432,2020
Polk,WI,177100,375,2020
Portage,WI,178600,377,2020
Price,WI,119800,208,2020
Racine,WI,187700,391,2020
Richland,WI,141800,285,2020
Rock,WI,156800,327,2020
Rusk,WI,111900,178,2020
St. Croix,WI,264100,462,2020
Sauk,WI,185000,387,2020
Sawyer,WI,174000,371,2020
Shawano,WI,141300,283,2020
Sheboygan,WI,165400,350,2020
Taylor,WI,145800,294,2020
Trempealeau,WI,161500,340,2020
Vernon,WI,161900,341,2020
Vilas,WI,212700,420,2020
Walworth,WI,212900,420,2020
Washburn,WI,163300,346,2020
Washington,WI,248000,453,2020
Waukesha,WI,293500,475,2020
Waupaca,WI,154000,319,2020
Waushara,WI,149300,302,2020
Winnebago,WI,158400,330,2020
Wood,WI,133700,261,2020
Albany,WY,243500,449,2020
Big Horn,WY,160000,335,2020
Campbell,WY,224400,432,2020
Carbon,WY,183800,385,2020
Converse,WY,224900,432,2020
Crook,WY,239300,445,2020
Fremont,WY,195500,400,2020
Goshen,WY,184500,386,2020
Hot Springs,WY,164400,349,2020
Johnson,WY,248200,453,2020
Laramie,WY,239900,446,2020
Lincoln,WY,253400,456,2020
Natrona,WY,215400,422,2020
Niobrara,WY,141600,284,2020
Park,WY,280400,469,2020
Platte,WY,188600,392,2020
Sheridan,WY,284200,470,2020
Sublette,WY,290300,474,2020
Sweetwater,WY,205100,410,2020
Teton,WY,850800,510,2020
Uinta,WY,181600,382,2020
Washakie,WY,165900,351,2020
Weston,WY,166600,353,2020
Adjuntas,,81800,46,2020
Aguada,,85800,63,2020
Aguadilla,,116100,196,2020
Aguas Buenas,,121400,217,2020
Aibonito,,109900,169,2020
Aasco,,87100,70,2020
Arecibo,,95200,104,2020
Arroyo,,87000,69,2020
Barceloneta,,101300,131,2020
Barranquitas,,108300,161,2020
Bayamn,,129800,249,2020
Cabo Rojo,,105300,146,2020
Caguas,,127000,240,2020
Camuy,,93300,96,2020
Canvanas,,101600,132,2020
Carolina,,137200,270,2020
Catao,,116500,197,2020
Cayey,,122300,221,2020
Ceiba,,93400,97,2020
Ciales,,87000,69,2020
Cidra,,120900,215,2020
Coamo,,91600,88,2020
Comero,,101600,132,2020
Corozal,,98300,117,2020
Culebra,,161700,341,2020
Dorado,,133600,260,2020
Fajardo,,102000,133,2020
Florida,,95700,105,2020
Gunica,,83600,53,2020
Guayama,,84700,58,2020
Guayanilla,,78000,34,2020
Guaynabo,,173600,370,2020
Gurabo,,139900,279,2020
Hatillo,,90700,85,2020
Hormigueros,,100500,127,2020
Humacao,,99000,121,2020
Isabela,,105000,145,2020
Jayuya,,94100,100,2020
Juana Daz,,92800,94,2020
Juncos,,102700,136,2020
Lajas,,88900,77,2020
Lares,,87000,69,2020
Las Maras,,85300,60,2020
Las Piedras,,116000,195,2020
Loza,,100200,126,2020
Luquillo,,111000,174,2020
Manat,,106200,151,2020
Maricao,,84100,56,2020
Maunabo,,84900,59,2020
Mayagez,,97100,112,2020
Moca,,89900,82,2020
Morovis,,103900,142,2020
Naguabo,,92700,93,2020
Naranjito,,90300,84,2020
Orocovis,,83100,51,2020
Patillas,,89100,78,2020
Peuelas,,76700,30,2020
Ponce,,98300,117,2020
Quebradillas,,98900,120,2020
Rincn,,125800,235,2020
Ro Grande,,113900,186,2020
Sabana Grande,,95700,105,2020
Salinas,,81900,47,2020
San Germn,,79600,39,2020
San Juan,,151500,309,2020
San Lorenzo,,108900,164,2020
San Sebastin,,96300,107,2020
Santa Isabel,,93000,95,2020
Toa Alta,,132700,258,2020
Toa Baja,,119500,207,2020
Trujillo Alto,,146700,296,2020
Utuado,,88600,76,2020
Vega Alta,,117100,199,2020
Vega Baja,,105000,145,2020
Vieques,,97500,114,2020
Villalba,,91200,88,2020
Yabucoa,,87000,69,2020
Yauco,,91700,89,2020
